#
# A fatal error has been detected by the Java Runtime Environment:
#
#  EXCEPTION_ACCESS_VIOLATION (0xc0000005) at pc=0x00007ffa9f4be349, pid=7120, tid=840
#
# JRE version: Java(TM) SE Runtime Environment (25.0.1+8) (build 25.0.1+8-LTS-27)
# Java VM: Java HotSpot(TM) 64-Bit Server VM (25.0.1+8-LTS-27, mixed mode, sharing, tiered, compressed oops, compressed class ptrs, g1 gc, windows-amd64)
# Problematic frame:
# C  [awt.dll+0xde349]
#
# No core dump will be written. Minidumps are not enabled by default on client versions of Windows
#
# If you would like to submit a bug report, please visit:
#   https://bugreport.java.com/bugreport/crash.jsp
# The crash happened outside the Java Virtual Machine in native code.
# See problematic frame for where to report the bug.
#

---------------  S U M M A R Y ------------

Command Line: org.matheus.view.tabuleiro

Host: Intel(R) Core(TM) i5-8265U CPU @ 1.60GHz, 8 cores, 7G,  Windows 11 , 64 bit Build 26100 (10.0.26100.7309)
Time: Sat Dec 20 19:22:05 2025 E. South America Standard Time elapsed time: 3593.553256 seconds (0d 0h 59m 53s)

---------------  T H R E A D  ---------------

Current thread (0x0000015f7826a060):  JavaThread "AWT-EventQueue-0"        [_thread_in_native, id=840, stack(0x0000004f69e00000,0x0000004f69f00000) (1024K)]

Stack: [0x0000004f69e00000,0x0000004f69f00000],  sp=0x0000004f69eff100,  free space=1020k
Native frames: (J=compiled Java code, j=interpreted, Vv=VM code, C=native code)
C  [awt.dll+0xde349]  (no source info available)
C  [awt.dll+0xdd6e2]  (no source info available)
C  0x0000015f669736fc  (no source info available)

The last pc belongs to native nmethod (printed below).
Java frames: (J=compiled Java code, j=interpreted, Vv=VM code)
J 2022  sun.awt.Win32GraphicsConfig.getBounds(I)Ljava/awt/Rectangle; java.desktop@25.0.1 (0 bytes) @ 0x0000015f669736c3 [0x0000015f66973680+0x0000000000000043]
j  sun.awt.Win32GraphicsConfig.getBounds()Ljava/awt/Rectangle;+8 java.desktop@25.0.1
j  sun.awt.Win32GraphicsDevice.displayChanged()V+23 java.desktop@25.0.1
j  sun.awt.Win32GraphicsEnvironment.displayChanged()V+271 java.desktop@25.0.1
j  sun.awt.windows.WToolkit.lambda$displayChanged$0()V+15 java.desktop@25.0.1
j  sun.awt.windows.WToolkit$$Lambda+0x00000000060ec160.run()V+0 java.desktop@25.0.1
J 1457 c1 java.awt.event.InvocationEvent.dispatch()V java.desktop@25.0.1 (69 bytes) @ 0x0000015f5f02ec0c [0x0000015f5f02ea00+0x000000000000020c]
J 1375 c1 java.awt.EventQueue.dispatchEventImpl(Ljava/awt/AWTEvent;Ljava/lang/Object;)V java.desktop@25.0.1 (139 bytes) @ 0x0000015f5effd464 [0x0000015f5effbc00+0x0000000000001864]
J 1374 c1 java.awt.EventQueue.dispatchEvent(Ljava/awt/AWTEvent;)V java.desktop@25.0.1 (48 bytes) @ 0x0000015f5effb8c4 [0x0000015f5effb680+0x0000000000000244]
J 1378 c1 java.awt.EventDispatchThread.pumpOneEventForFilters(I)V java.desktop@25.0.1 (106 bytes) @ 0x0000015f5f000a04 [0x0000015f5f000200+0x0000000000000804]
j  java.awt.EventDispatchThread.pumpEventsForFilter(ILjava/awt/Conditional;Ljava/awt/EventFilter;)V+35 java.desktop@25.0.1
j  java.awt.EventDispatchThread.pumpEventsForHierarchy(ILjava/awt/Conditional;Ljava/awt/Component;)V+11 java.desktop@25.0.1
j  java.awt.EventDispatchThread.pumpEvents(ILjava/awt/Conditional;)V+4 java.desktop@25.0.1
j  java.awt.EventDispatchThread.pumpEvents(Ljava/awt/Conditional;)V+3 java.desktop@25.0.1
j  java.awt.EventDispatchThread.run()V+9 java.desktop@25.0.1
v  ~StubRoutines::call_stub 0x0000015f663612ed

siginfo: EXCEPTION_ACCESS_VIOLATION (0xc0000005), reading address 0x0000000000000028


Registers:
RAX=0x0000000000000000, RBX=0x0000015f7803a2f0, RCX=0x0000000000000000, RDX=0x0000000000000000
RSP=0x0000004f69eff100, RBP=0x0000000000000000, RSI=0x0000000000000000, RDI=0x0000000000000000
R8 =0x0000000000000001, R9 =0x0000004f684c5000, R10=0x0000015f742a0550, R11=0x0000000000000004
R12=0x0000000000000000, R13=0x0000015f733f12d0, R14=0x0000015f733a2760, R15=0x0000000000000000
RIP=0x00007ffa9f4be349, EFLAGS=0x0000000000010246

XMM[0]=0x0000000000000000 0x0000000000000000
XMM[1]=0x0000000000000000 0x0000004f69eff1d0
XMM[2]=0x0000000000000000 0x0000000000000000
XMM[3]=0x0000000000000000 0x0000000000000000
XMM[4]=0x0000000000000000 0x0000000000000000
XMM[5]=0x0000000000000000 0x0000000000000000
XMM[6]=0x0000000000000000 0x8fc30fe66c9d5dfb
XMM[7]=0x0000000000000000 0xb76c25743618890c
XMM[8]=0x0000000000000000 0x97058b370aa274b1
XMM[9]=0x0000000000000000 0x9e932d087ee8b7e0
XMM[10]=0x0000000000000000 0x00000000e0558ad8
XMM[11]=0x0000000000000000 0x69f3b40de8dc6bed
XMM[12]=0x0000000000000000 0x000000007ee8b7e0
XMM[13]=0x0000000000000000 0x0000000000000000
XMM[14]=0x0000000000000000 0x0000000000000000
XMM[15]=0x0000000000000000 0x0000000000000000
  MXCSR=0x00001fa2


Register to memory mapping:

RAX=0x0 is null
RBX=0x0000015f7803a2f0 points into unknown readable memory: 0x0000015f733d5250 | 50 52 3d 73 5f 01 00 00
RCX=0x0 is null
RDX=0x0 is null
RSP=0x0000004f69eff100 is pointing into the stack for thread: 0x0000015f7826a060
RBP=0x0 is null
RSI=0x0 is null
RDI=0x0 is null
R8 =0x0000000000000001 is an unknown value
R9 =0x0000004f684c5000 points into unknown readable memory: 0x0000000000000000 | 00 00 00 00 00 00 00 00
R10={method} {0x0000015f742a0558} '<init>' '(IIII)V' in 'java/awt/Rectangle'
R11=0x0000000000000004 is an unknown value
R12=0x0 is null
R13=0x0000015f733f12d0 points into unknown readable memory: 0x0000015f742a0550 | 50 05 2a 74 5f 01 00 00
R14=0x0000015f733a2760 points into unknown readable memory: 0x0000000089a5cff8 | f8 cf a5 89 00 00 00 00
R15=0x0 is null

Top of Stack: (sp=0x0000004f69eff100)
0x0000004f69eff100:   00007ffa9f51c838 0000015f7803a2f0   8.Q........x_...
0x0000004f69eff110:   0000015f733a2760 0000015f7803a2f0   `':s_......x_...
0x0000004f69eff120:   0000015f7826a4a8 00007ffa9f4bd6e2   ..&x_.....K.....
0x0000004f69eff130:   0000015f7803a2f0 0000015f7803a2f0   ...x_......x_...
0x0000004f69eff140:   0000000000000000 0000015f66368b18   ..........6f_...
0x0000004f69eff150:   000000008994f138 0000000089d32610   8........&......
0x0000004f69eff160:   fffffffffffffff7 0000015f742979fb   .........y)t_...
0x0000004f69eff170:   0000000000000000 0000000000000000   ................
0x0000004f69eff180:   0000d248f8db3d61 0000000089a96000   a=..H....`......
0x0000004f69eff190:   0000015f7826a060 0000004f69eff2a8   `.&x_......iO...
0x0000004f69eff1a0:   0000004f69eff240 0000000000000000   @..iO...........
0x0000004f69eff1b0:   00000000000000e8 000000000000000e   ................
0x0000004f69eff1c0:   0000004f69eff230 0000015f669736fc   0..iO....6.f_...
0x0000004f69eff1d0:   000000008994f138 0000015f742982b8   8.........)t_...
0x0000004f69eff1e0:   0000015f7429792e 0000000000000003   .y)t_...........
0x0000004f69eff1f0:   000000008994f138 0000000000000000   8...............
0x0000004f69eff200:   0000000089a96000 0000015f74297950   .`......Py)t_...
0x0000004f69eff210:   0000000000000000 0000004f69eff230   ........0..iO...
0x0000004f69eff220:   0000004f69eff290 0000015f66368cb2   ...iO.....6f_...
0x0000004f69eff230:   0000004f69eff298 0000015f66368cb2   ...iO.....6f_...
0x0000004f69eff240:   0000000000000000 000000008994f138   ........8.......
0x0000004f69eff250:   fffffffffffffff7 0000015f74298360   ........`.)t_...
0x0000004f69eff260:   0000000000000002 0000015f7429ad38   ........8.)t_...
0x0000004f69eff270:   0000000000000000 0000000089a96000   .........`......
0x0000004f69eff280:   0000015f74298378 fffffffffffffff5   x.)t_...........
0x0000004f69eff290:   0000004f69eff2a8 0000004f69eff2f8   ...iO......iO...
0x0000004f69eff2a0:   0000015f66368cb2 000000008994f138   ..6f_...8.......
0x0000004f69eff2b0:   fffffffffffffff7 0000015f74259447   ........G.%t_...
0x0000004f69eff2c0:   0000000000000003 0000015f7425abc8   ..........%t_...
0x0000004f69eff2d0:   0000000000000000 0000000089a96368   ........hc......
0x0000004f69eff2e0:   0000015f74259488 fffffffffffffff6   ..%t_...........
0x0000004f69eff2f0:   0000004f69eff310 0000004f69eff360   ...iO...`..iO...

Instructions: (pc=0x00007ffa9f4be349)
  0x00007ffa9f4be249:   cc cc cc cc cc cc cc 48 89 5c 24 08 48 89 6c 24
  0x00007ffa9f4be259:   10 48 89 74 24 18 57 48 83 ec 20 41 8b f8 0f b6
  0x00007ffa9f4be269:   f2 48 8b e9 e8 3e a1 f4 ff 48 8b d8 48 89 44 24
  0x00007ffa9f4be279:   48 41 b8 01 00 00 00 8b d7 48 8b c8 e8 96 a0 f4
  0x00007ffa9f4be289:   ff 48 8b c8 44 0f b6 c6 48 8b d5 e8 77 fa ff ff
  0x00007ffa9f4be299:   48 8b f8 48 8b cb e8 cc a2 f4 ff 90 48 8b c7 48
  0x00007ffa9f4be2a9:   8b 5c 24 30 48 8b 6c 24 38 48 8b 74 24 40 48 83
  0x00007ffa9f4be2b9:   c4 20 5f c3 cc cc cc 48 8b 49 28 e9 17 07 00 00
  0x00007ffa9f4be2c9:   cc cc cc cc cc cc cc 48 89 5c 24 08 57 48 83 ec
  0x00007ffa9f4be2d9:   20 8b f9 e8 cf a0 f4 ff 48 8b d8 48 89 44 24 38
  0x00007ffa9f4be2e9:   41 b8 01 00 00 00 8b d7 48 8b c8 e8 27 a0 f4 ff
  0x00007ffa9f4be2f9:   48 8b 08 8b 39 48 8b cb e8 6a a2 f4 ff 90 8b c7
  0x00007ffa9f4be309:   48 8b 5c 24 30 48 83 c4 20 5f c3 cc cc cc cc cc
  0x00007ffa9f4be319:   cc cc cc cc cc cc cc 48 89 5c 24 08 57 48 83 ec
  0x00007ffa9f4be329:   20 8b f9 e8 7f a0 f4 ff 48 8b d8 48 89 44 24 38
  0x00007ffa9f4be339:   41 b8 01 00 00 00 8b d7 48 8b c8 e8 d7 9f f4 ff
=>0x00007ffa9f4be349:   48 8b 78 28 48 8b cb e8 1b a2 f4 ff 90 48 8b c7
  0x00007ffa9f4be359:   48 8b 5c 24 30 48 83 c4 20 5f c3 cc cc cc cc cc
  0x00007ffa9f4be369:   cc cc cc cc cc cc cc 48 89 5c 24 08 57 48 83 ec
  0x00007ffa9f4be379:   20 8b f9 e8 2f a0 f4 ff 48 8b d8 48 89 44 24 38
  0x00007ffa9f4be389:   41 b8 01 00 00 00 8b d7 48 8b c8 e8 87 9f f4 ff
  0x00007ffa9f4be399:   48 8b 78 30 48 8b cb e8 cb a1 f4 ff 90 48 8b c7
  0x00007ffa9f4be3a9:   48 8b 5c 24 30 48 83 c4 20 5f c3 cc cc cc cc cc
  0x00007ffa9f4be3b9:   cc cc cc cc cc cc cc 48 89 5c 24 08 57 48 83 ec
  0x00007ffa9f4be3c9:   20 8b f9 e8 df 9f f4 ff 48 8b d8 48 89 44 24 38
  0x00007ffa9f4be3d9:   41 b8 01 00 00 00 8b d7 48 8b c8 e8 37 9f f4 ff
  0x00007ffa9f4be3e9:   48 8b 78 08 48 85 ff 74 07 48 8b bf 08 0c 00 00
  0x00007ffa9f4be3f9:   48 8b cb e8 6f a1 f4 ff 90 48 8b c7 48 8b 5c 24
  0x00007ffa9f4be409:   30 48 83 c4 20 5f c3 f3 0f 10 41 48 c3 cc cc cc
  0x00007ffa9f4be419:   cc cc cc cc cc cc cc f3 0f 10 41 4c c3 cc cc cc
  0x00007ffa9f4be429:   cc cc cc cc cc cc cc 48 89 5c 24 10 48 89 74 24
  0x00007ffa9f4be439:   18 55 57 41 56 48 8d 6c 24 e0 48 81 ec 20 01 00


Stack slot to memory mapping:

stack at sp + 0 slots: 0x00007ffa9f51c838 awt.dll
stack at sp + 1 slots: 0x0000015f7803a2f0 points into unknown readable memory: 0x0000015f733d5250 | 50 52 3d 73 5f 01 00 00
stack at sp + 2 slots: 0x0000015f733a2760 points into unknown readable memory: 0x0000000089a5cff8 | f8 cf a5 89 00 00 00 00
stack at sp + 3 slots: 0x0000015f7803a2f0 points into unknown readable memory: 0x0000015f733d5250 | 50 52 3d 73 5f 01 00 00
stack at sp + 4 slots: 0x0000015f7826a4a8 points into unknown readable memory: 0x00007ffa3e826b50 | 50 6b 82 3e fa 7f 00 00
stack at sp + 5 slots: 0x00007ffa9f4bd6e2 awt.dll
stack at sp + 6 slots: 0x0000015f7803a2f0 points into unknown readable memory: 0x0000015f733d5250 | 50 52 3d 73 5f 01 00 00
stack at sp + 7 slots: 0x0000015f7803a2f0 points into unknown readable memory: 0x0000015f733d5250 | 50 52 3d 73 5f 01 00 00

Lock stack of current Java thread (top to bottom):


Compiled method (n/a) 3593836 2022     n 0       sun.awt.Win32GraphicsConfig::getBounds (native)
 total in heap  [0x0000015f66973588,0x0000015f66973930] = 936
 main code      [0x0000015f66973680,0x0000015f6697392a] = 682
 stub code      [0x0000015f6697392a,0x0000015f66973930] = 6
 mutable data [0x0000015f78037990,0x0000015f780379b0] = 32
 relocation     [0x0000015f78037990,0x0000015f780379b0] = 32

[Constant Pool (empty)]

[MachCode]
[Entry Point]
  # {method} {0x0000015f742982c0} 'getBounds' '(I)Ljava/awt/Rectangle;' in 'sun/awt/Win32GraphicsConfig'
  # this:     rdx:rdx   = 'sun/awt/Win32GraphicsConfig'
  # parm0:    r8        = int
  #           [sp+0x70]  (sp of caller)
  0x0000015f66973680: 6690 448b | 5208 443b 

  0x0000015f66973688: ;   {runtime_call Shared Runtime ic_miss_blob}
  0x0000015f66973688: 5008 0f85 | 50b4 a3ff 
[Verified Entry Point]
  0x0000015f66973690: 8984 2400 | 80ff ff55 | 488b ec48 | 83ec 6090 | 4181 7f20 | 0300 0000 

  0x0000015f669736a8: ;   {runtime_call Stub::method_entry_barrier}
  0x0000015f669736a8: 7405 e851 | 0ba2 ff48 | 8954 2420 | 4883 fa00 | 488d 5424 | 2048 0f44 | 5424 20c5 

  0x0000015f669736c4: ;   {internal_word}
  0x0000015f669736c4: f877 49ba | c336 9766 | 5f01 0000 | 4d89 9730 | 0400 0049 | 89a7 2804 | 0000 498d | 8f48 0400 
  0x0000015f669736e4: 0041 c787 | d404 0000 | 0400 0000 

  0x0000015f669736f0: ;   {runtime_call}
  0x0000015f669736f0: 48b8 40d6 | 4b9f fa7f | 0000 ffd0 | c5f8 7741 | c787 d404 | 0000 0500 | 0000 f083 | 4424 c000 
  0x0000015f66973710: 493b 6f28 | 0f87 0e00 | 0000 4183 | bfd0 0400 | 0000 0f84 | 2b00 0000 | c5f8 7748 | 8945 f849 
  0x0000015f66973730: 8bcf 4c8b | e448 83ec | 2048 83e4 

  0x0000015f6697373c: ;   {runtime_call}
  0x0000015f6697373c: f048 b8a0 | acfc 3dfa | 7f00 00ff | d049 8be4 | 4d33 e448 | 8b45 f841 | c787 d404 | 0000 0800 
  0x0000015f6697375c: 0000 4183 | bf50 0500 | 0002 0f84 | 9101 0000 | 49c7 8728 | 0400 0000 | 0000 0049 | c787 3004 
  0x0000015f6697377c: 0000 0000 | 0000 c5f8 | 7748 85c0 | 0f84 2f01 | 0000 a803 | 0f85 0800 | 0000 488b | 00e9 1f01 
  0x0000015f6697379c: 0000 a801 | 0f85 0900 | 0000 488b | 40fe e90e | 0100 0048 | 8b40 ff41 | 807f 4800 | 0f84 ff00 
  0x0000015f669737bc: 0000 4883 | f800 0f84 | f500 0000 | 498b 4f38 | 4885 c90f | 8414 0000 | 0048 83e9 | 0849 894f 
  0x0000015f669737dc: 3849 034f | 4048 8901 | e9d4 0000 | 0048 83ec | 7048 8904 | 2448 894c | 2408 4889 | 5424 104c 
  0x0000015f669737fc: 8944 2418 | 4c89 4c24 | 204c 8954 | 2428 4c89 | 5c24 30c5 | fb11 4424 | 40c5 fb11 | 4c24 48c5 
  0x0000015f6697381c: fb11 5424 | 50c5 fb11 | 5c24 58c5 | fb11 6424 | 60c5 fb11 | 6c24 6849 | 8bd7 488b | c848 83ec 
  0x0000015f6697383c: ;   {other}
  0x0000015f6697383c: 2040 f6c4 | 0f0f 8419 | 0000 0048 

  0x0000015f66973848: ;   {runtime_call}
  0x0000015f66973848: 83ec 0848 | b820 76ef | 3dfa 7f00 | 00ff d048 | 83c4 08e9 | 0c00 0000 

  0x0000015f66973860: ;   {runtime_call}
  0x0000015f66973860: 48b8 2076 | ef3d fa7f | 0000 ffd0 | 4883 c420 | c5fb 106c | 2468 c5fb | 1064 2460 | c5fb 105c 
  0x0000015f66973880: 2458 c5fb | 1054 2450 | c5fb 104c | 2448 c5fb | 1044 2440 | 4c8b 5c24 | 304c 8b54 | 2428 4c8b 
  0x0000015f669738a0: 4c24 204c | 8b44 2418 | 488b 5424 | 1048 8b4c | 2408 488b | 0424 4883 | c470 c5f8 | 7749 8b8f 
  0x0000015f669738c0: b804 0000 | c781 0001 | 0000 0000 

  0x0000015f669738cc: ;   {poll_return}
  0x0000015f669738cc: 0000 c941 | f647 2801 

  0x0000015f669738d4: ;   {internal_word}
  0x0000015f669738d4: 7416 49ba | cf38 9766 | 5f01 0000 | 4d89 97e0 

  0x0000015f669738e4: ;   {runtime_call SafepointBlob}
  0x0000015f669738e4: 0400 00e9 | 74d6 a3ff | 4983 7f08 | 000f 8501 | 0000 00c3 

  0x0000015f669738f8: ;   {runtime_call Stub::forward_exception}
  0x0000015f669738f8: e9e3 d89e | ffc5 f877 | 4889 45f8 | 4c8b e448 | 83ec 2048 

  0x0000015f6697390c: ;   {runtime_call}
  0x0000015f6697390c: 83e4 f048 | b810 f735 | 3efa 7f00 | 00ff d049 | 8be4 4d33 | e448 8b45 | f8e9 42fe | ffff f4f4 
  0x0000015f6697392c: f4f4 f4f4 
[/MachCode]


Compiled method (c1) 3593845 1457   !   3       java.awt.event.InvocationEvent::dispatch (69 bytes)
 total in heap  [0x0000015f5f02e908,0x0000015f5f02f048] = 1856
 main code      [0x0000015f5f02ea00,0x0000015f5f02efe0] = 1504
 stub code      [0x0000015f5f02efe0,0x0000015f5f02f048] = 104
 mutable data [0x0000015f78508880,0x0000015f78508918] = 152
 relocation     [0x0000015f78508880,0x0000015f78508910] = 144
 metadata       [0x0000015f78508910,0x0000015f78508918] = 8
 immutable data [0x0000015f7853fa70,0x0000015f7853fc18] = 424
 dependencies   [0x0000015f7853fa70,0x0000015f7853fa78] = 8
 nul chk table  [0x0000015f7853fa78,0x0000015f7853fa90] = 24
 handler table  [0x0000015f7853fa90,0x0000015f7853fb20] = 144
 scopes pcs     [0x0000015f7853fb20,0x0000015f7853fbc0] = 160
 scopes data    [0x0000015f7853fbc0,0x0000015f7853fc18] = 88

[Constant Pool (empty)]

[MachCode]
[Instructions begin]
  0x0000015f5f02ea00: 6666 660f | 1f84 0000 | 0000 0066 | 6666 9066 | 6690 448b | 5208 443b 

  0x0000015f5f02ea18: ;   {runtime_call Shared Runtime ic_miss_blob}
  0x0000015f5f02ea18: 5008 0f85 | c000 3807 
[Verified Entry Point]
  0x0000015f5f02ea20: 8984 2400 | 80ff ff55 | 4883 ec30 | 4181 7f20 | 0300 0000 

  0x0000015f5f02ea34: ;   {runtime_call Stub::method_entry_barrier}
  0x0000015f5f02ea34: 7405 e8c5 | 5736 0748 | 8954 2418 

  0x0000015f5f02ea40: ;   {metadata(method data for {method} {0x0000015f74230a08} 'dispatch' '()V' in 'java/awt/event/InvocationEvent')}
  0x0000015f5f02ea40: 48be 105d | 6f74 5f01 | 0000 8bbe | 9000 0000 | 83c7 0289 | be90 0000 | 0081 e7fe | 0700 0085 
  0x0000015f5f02ea60: ff0f 849f | 0400 000f | be72 1d85 

  0x0000015f5f02ea6c: ;   {metadata(method data for {method} {0x0000015f74230a08} 'dispatch' '()V' in 'java/awt/event/InvocationEvent')}
  0x0000015f5f02ea6c: f648 be10 | 5d6f 745f | 0100 00bf | d800 0000 | 7405 bfe8 | 0000 0048 | 8b1c 3e48 | 8d5b 0148 
  0x0000015f5f02ea8c: 891c 3e0f | 84c9 0000 | 008b 7228 

  0x0000015f5f02ea98: ; implicit exception: dispatches to 0x0000015f5f02ef27
  0x0000015f5f02ea98: 483b 0648 

  0x0000015f5f02ea9c: ;   {metadata(method data for {method} {0x0000015f74230a08} 'dispatch' '()V' in 'java/awt/event/InvocationEvent')}
  0x0000015f5f02ea9c: 8bfe 48bb | 105d 6f74 | 5f01 0000 | 8b7f 0841 | ba00 0000 | 0549 03fa | 483b bb00 | 0100 0075 
  0x0000015f5f02eabc: 0d48 8383 | 0801 0000 | 01e9 6000 | 0000 483b | bb10 0100 | 0075 0d48 | 8383 1801 | 0000 01e9 
  0x0000015f5f02eadc: 4a00 0000 | 4883 bb00 | 0100 0000 | 7517 4889 | bb00 0100 | 0048 c783 | 0801 0000 | 0100 0000 
  0x0000015f5f02eafc: e929 0000 | 0048 83bb | 1001 0000 | 0075 1748 | 89bb 1001 | 0000 48c7 | 8318 0100 | 0001 0000 
  0x0000015f5f02eb1c: 00e9 0800 | 0000 4883 | 83f8 0000 | 0001 488b | d648 b8b0 | ae54 785f 

  0x0000015f5f02eb34: ;   {virtual_call}
  0x0000015f5f02eb34: 0100 00e8 

  0x0000015f5f02eb38: ; ImmutableOopMap {[24]=Oop }
                      ;*invokeinterface run {reexecute=0 rethrow=0 return_oop=0}
                      ; - java.awt.event.InvocationEvent::dispatch@11 (line 313)
  0x0000015f5f02eb38: a405 3807 

  0x0000015f5f02eb3c: ;   {post_call_nop}
  0x0000015f5f02eb3c: 0f1f 8400 | 3402 0000 

  0x0000015f5f02eb44: ;   {metadata(method data for {method} {0x0000015f74230a08} 'dispatch' '()V' in 'java/awt/event/InvocationEvent')}
  0x0000015f5f02eb44: 48ba 105d | 6f74 5f01 | 0000 ff82 | 2801 0000 | 488b 5424 | 18e9 ff02 | 0000 8b72 | 2848 3b06 
  0x0000015f5f02eb64: ;   {metadata(method data for {method} {0x0000015f74230a08} 'dispatch' '()V' in 'java/awt/event/InvocationEvent')}
  0x0000015f5f02eb64: 488b fe48 | bb10 5d6f | 745f 0100 | 008b 7f08 | 41ba 0000 | 0005 4903 | fa48 3bbb | e001 0000 
  0x0000015f5f02eb84: 750d 4883 | 83e8 0100 | 0001 e960 | 0000 0048 | 3bbb f001 | 0000 750d | 4883 83f8 | 0100 0001 
  0x0000015f5f02eba4: e94a 0000 | 0048 83bb | e001 0000 | 0075 1748 | 89bb e001 | 0000 48c7 | 83e8 0100 | 0001 0000 
  0x0000015f5f02ebc4: 00e9 2900 | 0000 4883 | bbf0 0100 | 0000 7517 | 4889 bbf0 | 0100 0048 | c783 f801 | 0000 0100 
  0x0000015f5f02ebe4: 0000 e908 | 0000 0048 | 8383 d801 | 0000 0148 | 8bd6 0f1f | 8000 0000 | 0048 b8d8 | ae54 785f 
  0x0000015f5f02ec04: ;   {virtual_call}
  0x0000015f5f02ec04: 0100 00e8 

  0x0000015f5f02ec08: ; ImmutableOopMap {[24]=Oop }
                      ;*invokeinterface run {reexecute=0 rethrow=0 return_oop=0}
                      ; - java.awt.event.InvocationEvent::dispatch@47 (line 323)
  0x0000015f5f02ec08: a453 4607 

  0x0000015f5f02ec0c: ;   {post_call_nop}
  0x0000015f5f02ec0c: 0f1f 8400 | 0403 0001 | 488b 5424 | 18e9 3f02 | 0000 498b | 8788 0500 | 004d 33d2 | 4d89 9788 
  0x0000015f5f02ec2c: 0500 004d | 33d2 4d89 | 9790 0500 | 0048 85c0 

  0x0000015f5f02ec3c: ;   {metadata(method data for {method} {0x0000015f74230a08} 'dispatch' '()V' in 'java/awt/event/InvocationEvent')}
  0x0000015f5f02ec3c: 48be 105d | 6f74 5f01 | 0000 750c | 808e 3901 | 0000 01e9 | a700 0000 | 8b78 0841 | ba00 0000 
  0x0000015f5f02ec5c: 0549 03fa | 483b be48 | 0100 0075 | 0d48 8386 | 5001 0000 | 01e9 6000 | 0000 483b | be58 0100 
  0x0000015f5f02ec7c: 0075 0d48 | 8386 6001 | 0000 01e9 | 4a00 0000 | 4883 be48 | 0100 0000 | 7517 4889 | be48 0100 
  0x0000015f5f02ec9c: 0048 c786 | 5001 0000 | 0100 0000 | e929 0000 | 0048 83be | 5801 0000 | 0075 1748 | 89be 5801 
  0x0000015f5f02ecbc: 0000 48c7 | 8660 0100 | 0001 0000 | 00e9 0800 | 0000 4883 | 8640 0100 

  0x0000015f5f02ecd4: ;   {metadata('java/lang/Exception')}
  0x0000015f5f02ecd4: 0001 48bf | d8c3 1d05 | 0000 0000 | 8b70 0841 | ba00 0000 | 0549 03f2 | 483b 7e40 | 0f85 0500 
  0x0000015f5f02ecf4: 0000 e905 | 0000 004d | 33c0 eb06 | 41b8 0100 | 0000 4585 

  0x0000015f5f02ed08: ;   {metadata(method data for {method} {0x0000015f74230a08} 'dispatch' '()V' in 'java/awt/event/InvocationEvent')}
  0x0000015f5f02ed08: c049 b810 | 5d6f 745f | 0100 00ba | 7001 0000 | 7405 ba80 | 0100 0049 | 8b34 1048 | 8d76 0149 
  0x0000015f5f02ed28: 8934 1048 | 8b54 2418 | 0f84 ed00 | 0000 4885 

  0x0000015f5f02ed38: ;   {metadata(method data for {method} {0x0000015f74230a08} 'dispatch' '()V' in 'java/awt/event/InvocationEvent')}
  0x0000015f5f02ed38: c048 bf10 | 5d6f 745f | 0100 0075 | 0c80 8f89 | 0100 0001 | e9a7 0000 | 008b 5808 | 41ba 0000 
  0x0000015f5f02ed58: 0005 4903 | da48 3b9f | 9801 0000 | 750d 4883 | 87a0 0100 | 0001 e960 | 0000 0048 | 3b9f a801 
  0x0000015f5f02ed78: 0000 750d | 4883 87b0 | 0100 0001 | e94a 0000 | 0048 83bf | 9801 0000 | 0075 1748 | 899f 9801 
  0x0000015f5f02ed98: 0000 48c7 | 87a0 0100 | 0001 0000 | 00e9 2900 | 0000 4883 | bfa8 0100 | 0000 7517 | 4889 9fa8 
  0x0000015f5f02edb8: 0100 0048 | c787 b001 | 0000 0100 | 0000 e908 | 0000 0048 | 8387 9001 

  0x0000015f5f02edd0: ;   {metadata('java/lang/Exception')}
  0x0000015f5f02edd0: 0000 0148 | bbd8 c31d | 0500 0000 | 008b 7808 | 41ba 0000 | 0005 4903 | fa48 3b5f | 400f 853e 
  0x0000015f5f02edf0: 0100 00e9 | 0000 0000 | 4c8b c041 | 0fbe 7748 | 85f6 0f85 | 3201 0000 | 4d8b d044 | 8952 3448 
  0x0000015f5f02ee10: 8bf2 4933 | f048 c1ee | 1448 83fe | 000f 8532 | 0100 0045 | 0fbe 4748 | 4585 c00f | 853c 0100 
  0x0000015f5f02ee30: 004c 8bd0 | 4489 5238 | 4c8b c24c | 33c0 49c1 | e814 4983 | f800 0f85 | 3d01 0000 

  0x0000015f5f02ee4c: ;   {metadata(method data for {method} {0x0000015f74230a08} 'dispatch' '()V' in 'java/awt/event/InvocationEvent')}
  0x0000015f5f02ee4c: 49b8 105d | 6f74 5f01 | 0000 41ff | 80c0 0100 | 004c 8bc2 

  0x0000015f5f02ee60: ;   {metadata(method data for {method} {0x0000015f74230a08} 'dispatch' '()V' in 'java/awt/event/InvocationEvent')}
  0x0000015f5f02ee60: 48be 105d | 6f74 5f01 | 0000 4883 | 8608 0200 | 0001 41b8 | 0100 0000 | 0f1f 8000 

  0x0000015f5f02ee7c: ;   {optimized virtual_call}
  0x0000015f5f02ee7c: 0000 00e8 

  0x0000015f5f02ee80: ; ImmutableOopMap {}
                      ;*invokevirtual finishedDispatching {reexecute=0 rethrow=0 return_oop=0}
                      ; - java.awt.event.InvocationEvent::dispatch@54 (line 326)
  0x0000015f5f02ee80: 1c03 0000 

  0x0000015f5f02ee84: ;   {post_call_nop}
  0x0000015f5f02ee84: 0f1f 8400 | 7c05 0002 

  0x0000015f5f02ee8c: ;   {metadata(method data for {method} {0x0000015f74230a08} 'dispatch' '()V' in 'java/awt/event/InvocationEvent')}
  0x0000015f5f02ee8c: 48b8 105d | 6f74 5f01 | 0000 ff80 | 3802 0000 | 4883 c430 

  0x0000015f5f02eea0: ;   {poll_return}
  0x0000015f5f02eea0: 5d49 3b67 | 280f 87f6 | 0000 00c3 | 488b 5424 | 1849 8b87 | 8805 0000 | 4d33 d24d | 8997 8805 
  0x0000015f5f02eec0: 0000 4d33 | d24d 8997 | 9005 0000 

  0x0000015f5f02eecc: ;   {metadata(method data for {method} {0x0000015f74230a08} 'dispatch' '()V' in 'java/awt/event/InvocationEvent')}
  0x0000015f5f02eecc: 4c8b c248 | be10 5d6f | 745f 0100 | 0048 8386 | 5002 0000 | 0141 b801 | 0000 0048 | 8944 2420 
  0x0000015f5f02eeec: ;   {optimized virtual_call}
  0x0000015f5f02eeec: 6666 90e8 

  0x0000015f5f02eef0: ; ImmutableOopMap {[32]=Oop }
                      ;*invokevirtual finishedDispatching {reexecute=0 rethrow=0 return_oop=0}
                      ; - java.awt.event.InvocationEvent::dispatch@63 (line 326)
  0x0000015f5f02eef0: ecfe 3707 

  0x0000015f5f02eef4: ;   {post_call_nop}
  0x0000015f5f02eef4: 0f1f 8400 | ec05 0003 | 488b 4424 | 20e9 ce00 

  0x0000015f5f02ef04: ;   {metadata({method} {0x0000015f74230a08} 'dispatch' '()V' in 'java/awt/event/InvocationEvent')}
  0x0000015f5f02ef04: 0000 49ba | 000a 2374 | 5f01 0000 | 4c89 5424 | 0848 c704 | 24ff ffff 

  0x0000015f5f02ef1c: ;   {runtime_call C1 Runtime counter_overflow_blob}
  0x0000015f5f02ef1c: ffe8 3ee8 

  0x0000015f5f02ef20: ; ImmutableOopMap {rdx=Oop [24]=Oop }
                      ;*synchronization entry
                      ; - java.awt.event.InvocationEvent::dispatch@-1 (line 311)
  0x0000015f5f02ef20: 4407 e940 

  0x0000015f5f02ef24: ;   {runtime_call C1 Runtime throw_null_pointer_exception_blob}
  0x0000015f5f02ef24: fbff ffe8 

  0x0000015f5f02ef28: ; ImmutableOopMap {rdx=Oop rsi=Oop [24]=Oop }
                      ;*invokeinterface run {reexecute=0 rethrow=0 return_oop=0}
                      ; - java.awt.event.InvocationEvent::dispatch@11 (line 313)
  0x0000015f5f02ef28: b489 4407 

  0x0000015f5f02ef2c: ;   {runtime_call C1 Runtime throw_null_pointer_exception_blob}
  0x0000015f5f02ef2c: e8af 8944 

  0x0000015f5f02ef30: ; ImmutableOopMap {rdx=Oop rsi=Oop [24]=Oop }
                      ;*invokeinterface run {reexecute=0 rethrow=0 return_oop=0}
                      ; - java.awt.event.InvocationEvent::dispatch@47 (line 323)
  0x0000015f5f02ef30: 0748 8904 

  0x0000015f5f02ef34: ;   {runtime_call C1 Runtime throw_class_cast_exception_blob}
  0x0000015f5f02ef34: 24e8 a6b4 

  0x0000015f5f02ef38: ; ImmutableOopMap {rax=Oop rdx=Oop [24]=Oop }
                      ;*checkcast {reexecute=0 rethrow=0 return_oop=0}
                      ; - java.awt.event.InvocationEvent::dispatch@29 (line 317)
  0x0000015f5f02ef38: 4407 8b72 | 3448 83fe | 000f 84c1 | feff ff48 

  0x0000015f5f02ef48: ;   {runtime_call g1_pre_barrier_slow}
  0x0000015f5f02ef48: 8934 24e8 | 10ee 4407 | e9b3 feff | ff49 83f8 | 000f 84c4 | feff ff48 

  0x0000015f5f02ef60: ;   {runtime_call g1_post_barrier_slow}
  0x0000015f5f02ef60: 8914 24e8 | f8f0 4407 | e9b6 feff | ff44 8b42 | 3849 83f8 | 000f 84b6 | feff ff4c 

  0x0000015f5f02ef7c: ;   {runtime_call g1_pre_barrier_slow}
  0x0000015f5f02ef7c: 8904 24e8 | dced 4407 | e9a8 feff | ff48 83f8 | 000f 84b9 | feff ff48 

  0x0000015f5f02ef94: ;   {runtime_call g1_post_barrier_slow}
  0x0000015f5f02ef94: 8914 24e8 | c4f0 4407 | e9ab feff 

  0x0000015f5f02efa0: ;   {internal_word}
  0x0000015f5f02efa0: ff49 baa1 | ee02 5f5f | 0100 004d | 8997 e004 

  0x0000015f5f02efb0: ;   {runtime_call SafepointBlob}
  0x0000015f5f02efb0: 0000 e9a9 | 1f38 0749 | 8b87 8805 | 0000 49c7 | 8788 0500 | 0000 0000 | 0049 c787 | 9005 0000 
  0x0000015f5f02efd0: 0000 0000 | 4883 c430 

  0x0000015f5f02efd8: ;   {runtime_call C1 Runtime unwind_exception_blob}
  0x0000015f5f02efd8: 5de9 8276 | 4407 f4f4 
[Stub Code]
  0x0000015f5f02efe0: ;   {other}
  0x0000015f5f02efe0: 0f1f 4400 

  0x0000015f5f02efe4: ;   {static_stub}
  0x0000015f5f02efe4: 0048 bb00 | 0000 0000 

  0x0000015f5f02efec: ;   {runtime_call nmethod}
  0x0000015f5f02efec: 0000 00e9 | fbff ffff 

  0x0000015f5f02eff4: ;   {static_stub}
  0x0000015f5f02eff4: 9048 bb00 | 0000 0000 

  0x0000015f5f02effc: ;   {runtime_call nmethod}
  0x0000015f5f02effc: 0000 00e9 | fbff ffff 

  0x0000015f5f02f004: ;   {static_stub}
  0x0000015f5f02f004: 48bb 0000 | 0000 0000 

  0x0000015f5f02f00c: ;   {runtime_call nmethod}
  0x0000015f5f02f00c: 0000 e9fb 

  0x0000015f5f02f010: ;   {runtime_call C1 Runtime handle_exception_from_callee_blob}
  0x0000015f5f02f010: ffff ffe8 | c8ad 4407 

  0x0000015f5f02f018: ;   {external_word}
  0x0000015f5f02f018: 48b9 4808 | 5f3e fa7f | 0000 4883 

  0x0000015f5f02f024: ;   {runtime_call}
  0x0000015f5f02f024: e4f0 48b8 | 008d 223e | fa7f 0000 

  0x0000015f5f02f030: ;   {section_word}
  0x0000015f5f02f030: ffd0 f449 | ba33 f002 | 5f5f 0100 

  0x0000015f5f02f03c: ;   {runtime_call DeoptimizationBlob}
  0x0000015f5f02f03c: 0041 52e9 | 1c22 3807 | f4f4 f4f4 
[/MachCode]


Compiled method (c1) 3593865 1375       3       java.awt.EventQueue::dispatchEventImpl (139 bytes)
 total in heap  [0x0000015f5effbb08,0x0000015f5effdc30] = 8488
 main code      [0x0000015f5effbc00,0x0000015f5effdb10] = 7952
 stub code      [0x0000015f5effdb10,0x0000015f5effdc20] = 272
 oops           [0x0000015f5effdc20,0x0000015f5effdc30] = 16
 mutable data [0x0000015f73719350,0x0000015f737196c0] = 880
 relocation     [0x0000015f73719350,0x0000015f737195f8] = 680
 metadata       [0x0000015f737195f8,0x0000015f737196c0] = 200
 immutable data [0x0000015f782c19f0,0x0000015f782c2178] = 1928
 dependencies   [0x0000015f782c19f0,0x0000015f782c1a28] = 56
 nul chk table  [0x0000015f782c1a28,0x0000015f782c1aa8] = 128
 handler table  [0x0000015f782c1aa8,0x0000015f782c1b68] = 192
 scopes pcs     [0x0000015f782c1b68,0x0000015f782c1f48] = 992
 scopes data    [0x0000015f782c1f48,0x0000015f782c2178] = 560

[Constant Pool (empty)]

[MachCode]
[Instructions begin]
  0x0000015f5effbc00: 6666 660f | 1f84 0000 | 0000 0066 | 6666 9066 | 6690 448b | 5208 443b 

  0x0000015f5effbc18: ;   {runtime_call Shared Runtime ic_miss_blob}
  0x0000015f5effbc18: 5008 0f85 | c02e 3b07 
[Verified Entry Point]
  0x0000015f5effbc20: 8984 2400 | 80ff ff55 | 4881 ecd0 | 0000 0090 | 4181 7f20 | 0300 0000 

  0x0000015f5effbc38: ;   {runtime_call Stub::method_entry_barrier}
  0x0000015f5effbc38: 7405 e8c1 | 8539 074c | 8984 24a8 

  0x0000015f5effbc44: ;   {metadata(method data for {method} {0x0000015f7414c220} 'dispatchEventImpl' '(Ljava/awt/AWTEvent;Ljava/lang/Object;)V' in 'java/awt/EventQueue')}
  0x0000015f5effbc44: 0000 0048 | be20 aa6d | 745f 0100 | 008b be90 | 0000 0083 | c702 89be | 9000 0000 | 81e7 fe07 
  0x0000015f5effbc64: 0000 85ff | 0f84 6a1a | 0000 41c6 | 401a 014d 

  0x0000015f5effbc74: ;   {metadata(method data for {method} {0x0000015f7414c220} 'dispatchEventImpl' '(Ljava/awt/AWTEvent;Ljava/lang/Object;)V' in 'java/awt/EventQueue')}
  0x0000015f5effbc74: 85c0 48bb | 20aa 6d74 | 5f01 0000 | 750c 808b | d100 0000 | 01e9 c300 | 0000 418b | 4008 41ba 
  0x0000015f5effbc94: 0000 0005 | 4903 c248 | 3b83 e000 | 0000 750d | 4883 83e8 | 0000 0001 | e960 0000 | 0048 3b83 
  0x0000015f5effbcb4: f000 0000 | 750d 4883 | 83f8 0000 | 0001 e94a | 0000 0048 | 83bb e000 | 0000 0075 | 1748 8983 
  0x0000015f5effbcd4: e000 0000 | 48c7 83e8 | 0000 0001 | 0000 00e9 | 2900 0000 | 4883 bbf0 | 0000 0000 | 7517 4889 
  0x0000015f5effbcf4: 83f0 0000 | 0048 c783 | f800 0000 | 0100 0000 | e908 0000 | 0048 8383 | d800 0000 

  0x0000015f5effbd10: ;   {metadata('java/awt/ActiveEvent')}
  0x0000015f5effbd10: 0148 b810 | 0223 745f | 0100 0041 | 8b58 0841 | ba00 0000 | 0549 03da | 483b 4320 | 0f84 2400 
  0x0000015f5effbd30: 0000 483b | d80f 841b | 0000 0053 

  0x0000015f5effbd3c: ;   {runtime_call C1 Runtime slow_subtype_check_blob}
  0x0000015f5effbd3c: 50e8 9eec | 4707 5b5b | 85db 0f84 | 0500 0000 | e905 0000 | 0048 33f6 | eb05 be01 | 0000 0085 
  0x0000015f5effbd5c: ;   {metadata(method data for {method} {0x0000015f7414c220} 'dispatchEventImpl' '(Ljava/awt/AWTEvent;Ljava/lang/Object;)V' in 'java/awt/EventQueue')}
  0x0000015f5effbd5c: f648 be20 | aa6d 745f | 0100 00bf | 1801 0000 | 7505 bf08 | 0100 0048 | 8b1c 3e48 | 8d5b 0148 
  0x0000015f5effbd7c: 891c 3e0f | 8523 1500 | 004d 85c9 

  0x0000015f5effbd88: ;   {metadata(method data for {method} {0x0000015f7414c220} 'dispatchEventImpl' '(Ljava/awt/AWTEvent;Ljava/lang/Object;)V' in 'java/awt/EventQueue')}
  0x0000015f5effbd88: 48bb 20aa | 6d74 5f01 | 0000 750c | 808b c901 | 0000 01e9 | a900 0000 | 418b 4108 | 41ba 0000 
  0x0000015f5effbda8: 0005 4903 | c248 3b83 | d801 0000 | 750d 4883 | 83e0 0100 | 0001 e960 | 0000 0048 | 3b83 e801 
  0x0000015f5effbdc8: 0000 750d | 4883 83f0 | 0100 0001 | e94a 0000 | 0048 83bb | d801 0000 | 0075 1748 | 8983 d801 
  0x0000015f5effbde8: 0000 48c7 | 83e0 0100 | 0001 0000 | 00e9 2900 | 0000 4883 | bbe8 0100 | 0000 7517 | 4889 83e8 
  0x0000015f5effbe08: 0100 0048 | c783 f001 | 0000 0100 | 0000 e908 | 0000 0048 | 8383 d001 

  0x0000015f5effbe20: ;   {metadata('java/awt/Component')}
  0x0000015f5effbe20: 0000 0148 | b878 d005 | 745f 0100 | 0041 8b59 | 0841 ba00 | 0000 0549 | 03da 483b | 4338 0f85 
  0x0000015f5effbe40: 0500 0000 | e905 0000 | 0048 33f6 | eb05 be01 | 0000 0085 

  0x0000015f5effbe54: ;   {metadata(method data for {method} {0x0000015f7414c220} 'dispatchEventImpl' '(Ljava/awt/AWTEvent;Ljava/lang/Object;)V' in 'java/awt/EventQueue')}
  0x0000015f5effbe54: f648 be20 | aa6d 745f | 0100 00bf | 0002 0000 | 7405 bf10 | 0200 0048 | 8b1c 3e48 | 8d5b 0148 
  0x0000015f5effbe74: 891c 3e0f | 84bc 0600 | 004d 85c9 

  0x0000015f5effbe80: ;   {metadata(method data for {method} {0x0000015f7414c220} 'dispatchEventImpl' '(Ljava/awt/AWTEvent;Ljava/lang/Object;)V' in 'java/awt/EventQueue')}
  0x0000015f5effbe80: 48bf 20aa | 6d74 5f01 | 0000 750c | 808f 1902 | 0000 01e9 | a900 0000 | 418b 5908 | 41ba 0000 
  0x0000015f5effbea0: 0005 4903 | da48 3b9f | 2802 0000 | 750d 4883 | 8730 0200 | 0001 e960 | 0000 0048 | 3b9f 3802 
  0x0000015f5effbec0: 0000 750d | 4883 8740 | 0200 0001 | e94a 0000 | 0048 83bf | 2802 0000 | 0075 1748 | 899f 2802 
  0x0000015f5effbee0: 0000 48c7 | 8730 0200 | 0001 0000 | 00e9 2900 | 0000 4883 | bf38 0200 | 0000 7517 | 4889 9f38 
  0x0000015f5effbf00: 0200 0048 | c787 4002 | 0000 0100 | 0000 e908 | 0000 0048 | 8387 2002 

  0x0000015f5effbf18: ;   {metadata('java/awt/Component')}
  0x0000015f5effbf18: 0000 0148 | bb78 d005 | 745f 0100 | 0041 8b79 | 0841 ba00 | 0000 0549 | 03fa 483b | 5f38 0f85 
  0x0000015f5effbf38: c217 0000 | e900 0000 | 0049 8bd1 

  0x0000015f5effbf44: ; implicit exception: dispatches to 0x0000015f5effd707
  0x0000015f5effbf44: 483b 0248 

  0x0000015f5effbf48: ;   {metadata(method data for {method} {0x0000015f7414c220} 'dispatchEventImpl' '(Ljava/awt/AWTEvent;Ljava/lang/Object;)V' in 'java/awt/EventQueue')}
  0x0000015f5effbf48: 8bf2 48bf | 20aa 6d74 | 5f01 0000 | 8b76 0841 | ba00 0000 | 0549 03f2 | 483b b758 | 0200 0075 
  0x0000015f5effbf68: 0d48 8387 | 6002 0000 | 01e9 6000 | 0000 483b | b768 0200 | 0075 0d48 | 8387 7002 | 0000 01e9 
  0x0000015f5effbf88: 4a00 0000 | 4883 bf58 | 0200 0000 | 7517 4889 | b758 0200 | 0048 c787 | 6002 0000 | 0100 0000 
  0x0000015f5effbfa8: e929 0000 | 0048 83bf | 6802 0000 | 0075 1748 | 89b7 6802 | 0000 48c7 | 8770 0200 | 0001 0000 
  0x0000015f5effbfc8: 00e9 0800 | 0000 4883 | 8750 0200 

  0x0000015f5effbfd4: ;   {metadata(method data for {method} {0x0000015f740503d8} 'dispatchEvent' '(Ljava/awt/AWTEvent;)V' in 'java/awt/Component')}
  0x0000015f5effbfd4: 0001 48be | 90b0 6d74 | 5f01 0000 | 8bbe 9000 | 0000 83c7 | 0289 be90 | 0000 0081 | e7fe ff1f 
  0x0000015f5effbff4: 0085 ff0f | 840f 1700 | 0048 8bf2 

  0x0000015f5effc000: ;   {metadata(method data for {method} {0x0000015f740503d8} 'dispatchEvent' '(Ljava/awt/AWTEvent;)V' in 'java/awt/Component')}
  0x0000015f5effc000: 48bf 90b0 | 6d74 5f01 | 0000 8b76 | 0841 ba00 | 0000 0549 | 03f2 483b | b7e0 0000 | 0075 0d48 
  0x0000015f5effc020: 8387 e800 | 0000 01e9 | 6000 0000 | 483b b7f0 | 0000 0075 | 0d48 8387 | f800 0000 | 01e9 4a00 
  0x0000015f5effc040: 0000 4883 | bfe0 0000 | 0000 7517 | 4889 b7e0 | 0000 0048 | c787 e800 | 0000 0100 | 0000 e929 
  0x0000015f5effc060: 0000 0048 | 83bf f000 | 0000 0075 | 1748 89b7 | f000 0000 | 48c7 87f8 | 0000 0001 | 0000 00e9 
  0x0000015f5effc080: 0800 0000 | 4883 87d8 | 0000 0001 | 498b f04c | 8bc6 6666 | 9048 b8c0 | ad50 785f 

  0x0000015f5effc09c: ;   {virtual_call}
  0x0000015f5effc09c: 0100 00e8 

  0x0000015f5effc0a0: ; ImmutableOopMap {[168]=Oop }
                      ;*invokevirtual dispatchEventImpl {reexecute=0 rethrow=0 return_oop=0}
                      ; - java.awt.Component::dispatchEvent@2 (line 4790)
                      ; - java.awt.EventQueue::dispatchEventImpl@41 (line 725)
  0x0000015f5effc0a0: 1ca8 4d07 

  0x0000015f5effc0a4: ;   {post_call_nop}
  0x0000015f5effc0a4: 0f1f 8400 | 9c05 0000 | 4c8b 8424 | a800 0000 

  0x0000015f5effc0b4: ;   {metadata(method data for {method} {0x0000015f7414c220} 'dispatchEventImpl' '(Ljava/awt/AWTEvent;Ljava/lang/Object;)V' in 'java/awt/EventQueue')}
  0x0000015f5effc0b4: 48be 20aa | 6d74 5f01 | 0000 458b | 4008 41ba | 0000 0005 | 4d03 c24c | 3b86 8802 | 0000 750d 
  0x0000015f5effc0d4: 4883 8690 | 0200 0001 | e960 0000 | 004c 3b86 | 9802 0000 | 750d 4883 | 86a0 0200 | 0001 e94a 
  0x0000015f5effc0f4: 0000 0048 | 83be 8802 | 0000 0075 | 174c 8986 | 8802 0000 | 48c7 8690 | 0200 0001 | 0000 00e9 
  0x0000015f5effc114: 2900 0000 | 4883 be98 | 0200 0000 | 7517 4c89 | 8698 0200 | 0048 c786 | a002 0000 | 0100 0000 
  0x0000015f5effc134: e908 0000 | 0048 8386 | 8002 0000 

  0x0000015f5effc140: ;   {metadata(method data for {method} {0x0000015f740ec068} 'dispatched' '()V' in 'java/awt/AWTEvent')}
  0x0000015f5effc140: 0148 bee0 | b16d 745f | 0100 008b | be90 0000 | 0083 c702 | 89be 9000 | 0000 81e7 | feff 1f00 
  0x0000015f5effc160: 85ff 0f84 | c515 0000 | 4c8b 8424 | a800 0000 

  0x0000015f5effc170: ;   {metadata(method data for {method} {0x0000015f740ec068} 'dispatched' '()V' in 'java/awt/AWTEvent')}
  0x0000015f5effc170: 4d85 c048 | bbe0 b16d | 745f 0100 | 0075 0c80 | 8bd1 0000 | 0001 e9a9 | 0000 0041 | 8b40 0841 
  0x0000015f5effc190: ba00 0000 | 0549 03c2 | 483b 83e0 | 0000 0075 | 0d48 8383 | e800 0000 | 01e9 6000 | 0000 483b 
  0x0000015f5effc1b0: 83f0 0000 | 0075 0d48 | 8383 f800 | 0000 01e9 | 4a00 0000 | 4883 bbe0 | 0000 0000 | 7517 4889 
  0x0000015f5effc1d0: 83e0 0000 | 0048 c783 | e800 0000 | 0100 0000 | e929 0000 | 0048 83bb | f000 0000 | 0075 1748 
  0x0000015f5effc1f0: 8983 f000 | 0000 48c7 | 83f8 0000 | 0001 0000 | 00e9 0800 | 0000 4883 | 83d8 0000 

  0x0000015f5effc20c: ;   {metadata('java/awt/event/InputEvent')}
  0x0000015f5effc20c: 0001 48b8 | 70cc 0e74 | 5f01 0000 | 418b 5808 | 41ba 0000 | 0005 4903 | da48 3b43 | 500f 8505 
  0x0000015f5effc22c: 0000 00e9 | 0500 0000 | 4833 f6eb | 05be 0100 | 0000 85f6 

  0x0000015f5effc240: ;   {metadata(method data for {method} {0x0000015f740ec068} 'dispatched' '()V' in 'java/awt/AWTEvent')}
  0x0000015f5effc240: 48be e0b1 | 6d74 5f01 | 0000 bf08 | 0100 0074 | 05bf 1801 | 0000 488b | 1c3e 488d | 5b01 4889 
  0x0000015f5effc260: 1c3e 0f84 | 4d14 0000 

  0x0000015f5effc268: ;   {metadata(method data for {method} {0x0000015f740ec068} 'dispatched' '()V' in 'java/awt/AWTEvent')}
  0x0000015f5effc268: 48be e0b1 | 6d74 5f01 | 0000 4883 | 8628 0100 

  0x0000015f5effc278: ;   {metadata(method data for {method} {0x0000015f740c85c0} 'getInputEventAccessor' '()Lsun/awt/AWTAccessor$InputEventAccessor;' in 'sun/awt/AWTAccessor')}
  0x0000015f5effc278: 0001 48be | b8b3 6d74 | 5f01 0000 | 8bbe 9000 | 0000 83c7 | 0289 be90 | 0000 0081 | e7fe ff1f 
  0x0000015f5effc298: 0085 ff0f | 84ad 1400 

  0x0000015f5effc2a0: ;   {oop(a 'java/lang/Class'{0x0000000089bb1428} = 'sun/awt/AWTAccessor')}
  0x0000015f5effc2a0: 0048 be28 | 14bb 8900 | 0000 008b | b68c 0000 | 0048 85f6 

  0x0000015f5effc2b4: ;   {metadata(method data for {method} {0x0000015f740c85c0} 'getInputEventAccessor' '()Lsun/awt/AWTAccessor$InputEventAccessor;' in 'sun/awt/AWTAccessor')}
  0x0000015f5effc2b4: 48bf b8b3 | 6d74 5f01 | 0000 bbd8 | 0000 0075 | 05bb e800 | 0000 488b | 041f 488d | 4001 4889 
  0x0000015f5effc2d4: 041f 0f85 | 8812 0000 

  0x0000015f5effc2dc: ;   {metadata(method data for {method} {0x0000015f740c85c0} 'getInputEventAccessor' '()Lsun/awt/AWTAccessor$InputEventAccessor;' in 'sun/awt/AWTAccessor')}
  0x0000015f5effc2dc: 48be b8b3 | 6d74 5f01 | 0000 4883 | 86f8 0000 

  0x0000015f5effc2ec: ;   {metadata(method data for {method} {0x0000015f740cad80} 'ensureClassInitialized' '(Ljava/lang/Class;)V' in 'sun/awt/AWTAccessor')}
  0x0000015f5effc2ec: 0001 48be | 6039 5174 | 5f01 0000 | 8bbe 9000 | 0000 83c7 | 0289 be90 | 0000 0081 | e7fe ff1f 
  0x0000015f5effc30c: 0085 ff0f | 845a 1400 

  0x0000015f5effc314: ;   {metadata(method data for {method} {0x0000015f740cad80} 'ensureClassInitialized' '(Ljava/lang/Class;)V' in 'sun/awt/AWTAccessor')}
  0x0000015f5effc314: 0048 be60 | 3951 745f | 0100 0048 | 8386 d800 

  0x0000015f5effc324: ;   {metadata(method data for {method} {0x0000000005478568} 'lookup' '()Ljava/lang/invoke/MethodHandles$Lookup;' in 'java/lang/invoke/MethodHandles')}
  0x0000015f5effc324: 0000 0148 | bed8 3a51 | 745f 0100 | 008b be90 | 0000 0083 | c702 89be | 9000 0000 | 81e7 feff 
  0x0000015f5effc344: 1f00 85ff | 0f84 4214 

  0x0000015f5effc34c: ;   {metadata(method data for {method} {0x0000000005478568} 'lookup' '()Ljava/lang/invoke/MethodHandles$Lookup;' in 'java/lang/invoke/MethodHandles')}
  0x0000015f5effc34c: 0000 48be | d83a 5174 | 5f01 0000 | 4883 86d8 | 0000 0001 | 0f1f 8000 

  0x0000015f5effc364: ;   {static_call}
  0x0000015f5effc364: 0000 00e8 

  0x0000015f5effc368: ; ImmutableOopMap {[168]=Oop }
                      ;*invokestatic getCallerClass {reexecute=0 rethrow=0 return_oop=0}
                      ; - java.lang.invoke.MethodHandles::lookup@0 (line 125)
                      ; - sun.awt.AWTAccessor::ensureClassInitialized@0 (line 1464)
                      ; - sun.awt.AWTAccessor::getInputEventAccessor@10 (line 963)
                      ; - java.awt.AWTEvent::dispatched@7 (line 571)
                      ; - java.awt.EventQueue::dispatchEventImpl@45 (line 726)
  0x0000015f5effc368: 7430 3b07 

  0x0000015f5effc36c: ;   {post_call_nop}
  0x0000015f5effc36c: 0f1f 8400 | 6408 0001 | 4c8b c04d 

  0x0000015f5effc378: ;   {metadata(method data for {method} {0x0000000005478568} 'lookup' '()Ljava/lang/invoke/MethodHandles$Lookup;' in 'java/lang/invoke/MethodHandles')}
  0x0000015f5effc378: 85c0 48ba | d83a 5174 | 5f01 0000 | bef8 0000 | 0074 05be | e800 0000 | 488b 3c32 | 488d 7f01 
  0x0000015f5effc398: 4889 3c32 | 0f84 ed10 

  0x0000015f5effc3a0: ;   {metadata('java/lang/invoke/MethodHandles$Lookup')}
  0x0000015f5effc3a0: 0000 48ba | c8bb 2005 | 0000 0000 | 498b 87c8 | 0100 0048 | 8d78 2049 | 3bbf d801 | 0000 0f87 
  0x0000015f5effc3c0: ed13 0000 | 4989 bfc8 | 0100 0048 | c700 0100 | 0000 488b | ca41 ba00 | 0000 0549 | 2bca 8948 
  0x0000015f5effc3e0: 0848 33c9 | 8948 0c48 | 33c9 4889 | 4810 4889 | 4818 4c8b 

  0x0000015f5effc3f4: ;   {metadata(method data for {method} {0x0000000005478568} 'lookup' '()Ljava/lang/invoke/MethodHandles$Lookup;' in 'java/lang/invoke/MethodHandles')}
  0x0000015f5effc3f4: c848 bfd8 | 3a51 745f | 0100 0048 | 8387 1801 

  0x0000015f5effc404: ;   {metadata(method data for {method} {0x000000000547c818} '<init>' '(Ljava/lang/Class;)V' in 'java/lang/invoke/MethodHandles$Lookup')}
  0x0000015f5effc404: 0000 0149 | b938 3c51 | 745f 0100 | 0041 8bb9 | 9000 0000 | 83c7 0241 | 89b9 9000 | 0000 81e7 
  0x0000015f5effc424: feff 1f00 | 85ff 0f84 | 8e13 0000 

  0x0000015f5effc430: ;   {metadata(method data for {method} {0x000000000547c818} '<init>' '(Ljava/lang/Class;)V' in 'java/lang/invoke/MethodHandles$Lookup')}
  0x0000015f5effc430: 4c8b c848 | bf38 3c51 | 745f 0100 | 0048 8387 | d800 0000 

  0x0000015f5effc444: ;   {oop(nullptr)}
  0x0000015f5effc444: 0149 b900 | 0000 0000 | 0000 00bf | 5f00 0000 | 488b d048 | 8984 24b0 

  0x0000015f5effc45c: ;   {optimized virtual_call}
  0x0000015f5effc45c: 0000 00e8 

  0x0000015f5effc460: ; ImmutableOopMap {[168]=Oop [176]=Oop }
                      ;*invokespecial <init> {reexecute=0 rethrow=0 return_oop=0}
                      ; - java.lang.invoke.MethodHandles$Lookup::<init>@5 (line 1533)
                      ; - java.lang.invoke.MethodHandles::lookup@23 (line 129)
                      ; - sun.awt.AWTAccessor::ensureClassInitialized@0 (line 1464)
                      ; - sun.awt.AWTAccessor::getInputEventAccessor@10 (line 963)
                      ; - java.awt.AWTEvent::dispatched@7 (line 571)
                      ; - java.awt.EventQueue::dispatchEventImpl@45 (line 726)
  0x0000015f5effc460: 7c29 3b07 

  0x0000015f5effc464: ;   {post_call_nop}
  0x0000015f5effc464: 0f1f 8400 | 5c09 0002 | 488b 8424 | b000 0000 

  0x0000015f5effc474: ;   {metadata(method data for {method} {0x0000015f740cad80} 'ensureClassInitialized' '(Ljava/lang/Class;)V' in 'sun/awt/AWTAccessor')}
  0x0000015f5effc474: 4c8b c048 | ba60 3951 | 745f 0100 | 0045 8b40 | 0841 ba00 | 0000 054d | 03c2 4c3b | 82f0 0000 
  0x0000015f5effc494: 0075 0d48 | 8382 f800 | 0000 01e9 | 6000 0000 | 4c3b 8200 | 0100 0075 | 0d48 8382 | 0801 0000 
  0x0000015f5effc4b4: 01e9 4a00 | 0000 4883 | baf0 0000 | 0000 7517 | 4c89 82f0 | 0000 0048 | c782 f800 | 0000 0100 
  0x0000015f5effc4d4: 0000 e929 | 0000 0048 | 83ba 0001 | 0000 0075 | 174c 8982 | 0001 0000 | 48c7 8208 | 0100 0001 
  0x0000015f5effc4f4: 0000 00e9 | 0800 0000 | 4883 82e8 | 0000 0001 

  0x0000015f5effc504: ;   {oop(a 'java/lang/Class'{0x0000000089b73e30} = 'java/awt/event/InputEvent')}
  0x0000015f5effc504: 49b8 303e | b789 0000 | 0000 488b | d066 0f1f 

  0x0000015f5effc514: ;   {optimized virtual_call}
  0x0000015f5effc514: 4400 00e8 

  0x0000015f5effc518: ; ImmutableOopMap {[168]=Oop }
                      ;*invokevirtual ensureInitialized {reexecute=0 rethrow=0 return_oop=0}
                      ; - sun.awt.AWTAccessor::ensureClassInitialized@4 (line 1464)
                      ; - sun.awt.AWTAccessor::getInputEventAccessor@10 (line 963)
                      ; - java.awt.AWTEvent::dispatched@7 (line 571)
                      ; - java.awt.EventQueue::dispatchEventImpl@45 (line 726)
  0x0000015f5effc518: c428 3b07 

  0x0000015f5effc51c: ;   {post_call_nop}
  0x0000015f5effc51c: 0f1f 8400 | 140a 0003 

  0x0000015f5effc524: ;   {metadata(method data for {method} {0x0000015f740cad80} 'ensureClassInitialized' '(Ljava/lang/Class;)V' in 'sun/awt/AWTAccessor')}
  0x0000015f5effc524: 48ba 6039 | 5174 5f01 | 0000 ff82 | 1801 0000 | e91b 1000 | 004d 85c9 

  0x0000015f5effc53c: ;   {metadata(method data for {method} {0x0000015f7414c220} 'dispatchEventImpl' '(Ljava/awt/AWTEvent;Ljava/lang/Object;)V' in 'java/awt/EventQueue')}
  0x0000015f5effc53c: 48bb 20aa | 6d74 5f01 | 0000 750c | 808b c102 | 0000 01e9 | a800 0000 | 418b 4108 | 41ba 0000 
  0x0000015f5effc55c: 0005 4903 | c248 3b83 | d002 0000 | 750d 4883 | 83d8 0200 | 0001 e960 | 0000 0048 | 3b83 e002 
  0x0000015f5effc57c: 0000 750d | 4883 83e8 | 0200 0001 | e94a 0000 | 0048 83bb | d002 0000 | 0075 1748 | 8983 d002 
  0x0000015f5effc59c: 0000 48c7 | 83d8 0200 | 0001 0000 | 00e9 2900 | 0000 4883 | bbe0 0200 | 0000 7517 | 4889 83e0 
  0x0000015f5effc5bc: 0200 0048 | c783 e802 | 0000 0100 | 0000 e908 | 0000 0048 | 8383 c802 

  0x0000015f5effc5d4: ;   {metadata('java/awt/MenuComponent')}
  0x0000015f5effc5d4: 0000 0148 | b8b0 8b68 | 745f 0100 | 0041 8b79 | 0841 ba00 | 0000 0549 | 03fa 483b | c70f 8505 
  0x0000015f5effc5f4: 0000 00e9 | 0500 0000 | 4833 f6eb | 05be 0100 | 0000 85f6 

  0x0000015f5effc608: ;   {metadata(method data for {method} {0x0000015f7414c220} 'dispatchEventImpl' '(Ljava/awt/AWTEvent;Ljava/lang/Object;)V' in 'java/awt/EventQueue')}
  0x0000015f5effc608: 48be 20aa | 6d74 5f01 | 0000 bf08 | 0300 0075 | 05bf f802 | 0000 488b | 1c3e 488d | 5b01 4889 
  0x0000015f5effc628: 1c3e 0f85 | e00a 0000 

  0x0000015f5effc630: ;   {metadata(method data for {method} {0x0000015f7414c220} 'dispatchEventImpl' '(Ljava/awt/AWTEvent;Ljava/lang/Object;)V' in 'java/awt/EventQueue')}
  0x0000015f5effc630: 4d85 c948 | bb20 aa6d | 745f 0100 | 0075 0c80 | 8b89 0300 | 0001 e9d1 | 0000 0041 | 8b41 0841 
  0x0000015f5effc650: ba00 0000 | 0549 03c2 | 483b 8398 | 0300 0075 | 0d48 8383 | a003 0000 | 01e9 6000 | 0000 483b 
  0x0000015f5effc670: 83a8 0300 | 0075 0d48 | 8383 b003 | 0000 01e9 | 4a00 0000 | 4883 bb98 | 0300 0000 | 7517 4889 
  0x0000015f5effc690: 8398 0300 | 0048 c783 | a003 0000 | 0100 0000 | e929 0000 | 0048 83bb | a803 0000 | 0075 1748 
  0x0000015f5effc6b0: 8983 a803 | 0000 48c7 | 83b0 0300 | 0001 0000 | 00e9 0800 | 0000 4883 | 8390 0300 | 0001 6690 
  0x0000015f5effc6d0: ;   {other}
  0x0000015f5effc6d0: e919 1100 | 0000 0000 | 0000 418b | 5908 41ba | 0000 0005 | 4903 da48 | 3bd8 0f84 | 3100 0000 
  0x0000015f5effc6f0: 8b78 1448 | 3b04 3b0f | 8424 0000 | 0083 ff20 | 0f85 1600 | 0000 5350 

  0x0000015f5effc708: ;   {runtime_call C1 Runtime slow_subtype_check_blob}
  0x0000015f5effc708: e8d3 e247 | 075b 5885 | c00f 8405 | 0000 00e9 | 0500 0000 | 4833 f6eb | 05be 0100 | 0000 85f6 
  0x0000015f5effc728: ;   {metadata(method data for {method} {0x0000015f7414c220} 'dispatchEventImpl' '(Ljava/awt/AWTEvent;Ljava/lang/Object;)V' in 'java/awt/EventQueue')}
  0x0000015f5effc728: 48be 20aa | 6d74 5f01 | 0000 bfd0 | 0300 0075 | 05bf c003 | 0000 488b | 1c3e 488d | 5b01 4889 
  0x0000015f5effc748: 1c3e 0f85 | 8608 0000 

  0x0000015f5effc750: ;   {metadata(method data for {method} {0x0000015f7414c220} 'dispatchEventImpl' '(Ljava/awt/AWTEvent;Ljava/lang/Object;)V' in 'java/awt/EventQueue')}
  0x0000015f5effc750: 4d85 c948 | bb20 aa6d | 745f 0100 | 0075 0c80 | 8b51 0400 | 0001 e9a8 | 0000 0041 | 8b41 0841 
  0x0000015f5effc770: ba00 0000 | 0549 03c2 | 483b 8360 | 0400 0075 | 0d48 8383 | 6804 0000 | 01e9 6000 | 0000 483b 
  0x0000015f5effc790: 8370 0400 | 0075 0d48 | 8383 7804 | 0000 01e9 | 4a00 0000 | 4883 bb60 | 0400 0000 | 7517 4889 
  0x0000015f5effc7b0: 8360 0400 | 0048 c783 | 6804 0000 | 0100 0000 | e929 0000 | 0048 83bb | 7004 0000 | 0075 1748 
  0x0000015f5effc7d0: 8983 7004 | 0000 48c7 | 8378 0400 | 0001 0000 | 00e9 0800 | 0000 4883 | 8358 0400 

  0x0000015f5effc7ec: ;   {metadata('sun/awt/AWTAutoShutdown')}
  0x0000015f5effc7ec: 0001 48b8 | a02d 0206 | 0000 0000 | 418b 7908 | 41ba 0000 | 0005 4903 | fa48 3bc7 | 0f85 0500 
  0x0000015f5effc80c: 0000 e905 | 0000 0048 | 33f6 eb05 | be01 0000 

  0x0000015f5effc81c: ;   {metadata(method data for {method} {0x0000015f7414c220} 'dispatchEventImpl' '(Ljava/awt/AWTEvent;Ljava/lang/Object;)V' in 'java/awt/EventQueue')}
  0x0000015f5effc81c: 0085 f648 | be20 aa6d | 745f 0100 | 00bf 8804 | 0000 7405 | bf98 0400 | 0048 8b1c | 3e48 8d5b 
  0x0000015f5effc83c: 0148 891c | 3e0f 8438 | 0100 0048 

  0x0000015f5effc848: ;   {metadata(method data for {method} {0x0000015f7414c220} 'dispatchEventImpl' '(Ljava/awt/AWTEvent;Ljava/lang/Object;)V' in 'java/awt/EventQueue')}
  0x0000015f5effc848: 8bf2 48bf | 20aa 6d74 | 5f01 0000 | 4883 87a8 | 0400 0001 

  0x0000015f5effc85c: ;   {metadata(method data for {method} {0x0000015f7414b858} 'noEvents' '()Z' in 'java/awt/EventQueue')}
  0x0000015f5effc85c: 48be 00b6 | 6d74 5f01 | 0000 8bbe | 9000 0000 | 83c7 0289 | be90 0000 | 0081 e7fe | ff1f 0085 
  0x0000015f5effc87c: ff0f 8475 | 0f00 00be | 0000 0000 | e984 0000 | 0066 6690 | 8b7a 203b | 770c 0f83 | 870f 0000 
  0x0000015f5effc89c: 4863 de8b | 7c9f 108b | 7f0c 4885 

  0x0000015f5effc8a8: ;   {metadata(method data for {method} {0x0000015f7414b858} 'noEvents' '()Z' in 'java/awt/EventQueue')}
  0x0000015f5effc8a8: ff48 bf00 | b66d 745f | 0100 00bb | 0801 0000 | 7505 bbf8 | 0000 0048 | 8b04 1f48 | 8d40 0148 
  0x0000015f5effc8c8: 8904 1f0f | 8570 0000 

  0x0000015f5effc8d0: ;   {metadata(method data for {method} {0x0000015f7414b858} 'noEvents' '()Z' in 'java/awt/EventQueue')}
  0x0000015f5effc8d0: 00ff c648 | bf00 b66d | 745f 0100 | 008b 9f94 | 0000 0083 | c302 899f | 9400 0000 | 81e3 fe3f 
  0x0000015f5effc8f0: 0000 85db | 0f84 3c0f | 0000 4d8b 

  0x0000015f5effc8fc: ; ImmutableOopMap {rdx=Oop }
                      ;*goto {reexecute=1 rethrow=0 return_oop=0}
                      ; - (reexecute) java.awt.EventQueue::noEvents@24 (line 520)
                      ; - java.awt.EventQueue::dispatchEventImpl@95 (line 732)
                      ;   {poll}
  0x0000015f5effc8fc: 5730 4185 

  0x0000015f5effc900: ;   {metadata(method data for {method} {0x0000015f7414b858} 'noEvents' '()Z' in 'java/awt/EventQueue')}
  0x0000015f5effc900: 0248 bf00 | b66d 745f | 0100 00ff | 8718 0100 | 0083 fe04 

  0x0000015f5effc914: ;   {metadata(method data for {method} {0x0000015f7414b858} 'noEvents' '()Z' in 'java/awt/EventQueue')}
  0x0000015f5effc914: 48bf 00b6 | 6d74 5f01 | 0000 bbd8 | 0000 007d | 05bb e800 | 0000 488b | 041f 488d | 4001 4889 
  0x0000015f5effc934: 041f 0f8d | 0f00 0000 | e94f ffff | ffbe 0000 | 0000 e905 | 0000 00be | 0100 0000 

  0x0000015f5effc950: ;   {metadata(method data for {method} {0x0000015f7414c220} 'dispatchEventImpl' '(Ljava/awt/AWTEvent;Ljava/lang/Object;)V' in 'java/awt/EventQueue')}
  0x0000015f5effc950: 85f6 48be | 20aa 6d74 | 5f01 0000 | bfd8 0400 | 0074 05bf | e804 0000 | 488b 1c3e | 488d 5b01 
  0x0000015f5effc970: 4889 1c3e | 0f84 4b0d | 0000 e9d0 

  0x0000015f5effc97c: ;   {metadata(method data for {method} {0x0000015f7414c220} 'dispatchEventImpl' '(Ljava/awt/AWTEvent;Ljava/lang/Object;)V' in 'java/awt/EventQueue')}
  0x0000015f5effc97c: 0500 0048 | ba20 aa6d | 745f 0100 | 0048 8382 | 4005 0000 

  0x0000015f5effc990: ;   {metadata(method data for {method} {0x0000015f7414a628} 'getEventLog' '()Lsun/util/logging/PlatformLogger;' in 'java/awt/EventQueue')}
  0x0000015f5effc990: 0148 ba70 | b86d 745f | 0100 008b | b290 0000 | 0083 c602 | 89b2 9000 | 0000 81e6 | feff 1f00 
  0x0000015f5effc9b0: 85f6 0f84 | 9f0e 0000 

  0x0000015f5effc9b8: ;   {oop(a 'java/lang/Class'{0x0000000089bb1520} = 'java/awt/EventQueue')}
  0x0000015f5effc9b8: 48ba 2015 | bb89 0000 | 0000 8b92 | 8000 0000 

  0x0000015f5effc9c8: ;   {metadata(method data for {method} {0x0000015f7414a628} 'getEventLog' '()Lsun/util/logging/PlatformLogger;' in 'java/awt/EventQueue')}
  0x0000015f5effc9c8: 4885 d248 | ba70 b86d | 745f 0100 | 00be d800 | 0000 7505 | bee8 0000 | 0048 8b3c | 3248 8d7f 
  0x0000015f5effc9e8: 0148 893c | 320f 8564 

  0x0000015f5effc9f0: ;   {metadata(method data for {method} {0x0000015f7414a628} 'getEventLog' '()Lsun/util/logging/PlatformLogger;' in 'java/awt/EventQueue')}
  0x0000015f5effc9f0: 0000 0048 | ba70 b86d | 745f 0100 | 0048 8382 | f800 0000 

  0x0000015f5effca04: ;   {oop("java.awt.event.EventQueue"{0x0000000089bc4a80})}
  0x0000015f5effca04: 0148 ba80 | 4abc 8900 

  0x0000015f5effca0c: ;   {static_call}
  0x0000015f5effca0c: 0000 00e8 

  0x0000015f5effca10: ; ImmutableOopMap {[168]=Oop }
                      ;*invokestatic getLogger {reexecute=0 rethrow=0 return_oop=0}
                      ; - java.awt.EventQueue::getEventLog@8 (line 181)
                      ; - java.awt.EventQueue::dispatchEventImpl@111 (line 736)
  0x0000015f5effca10: cc29 3b07 

  0x0000015f5effca14: ;   {post_call_nop}
  0x0000015f5effca14: 0f1f 8400 | 0c0f 0005 

  0x0000015f5effca1c: ;   {oop(a 'java/lang/Class'{0x0000000089bb1520} = 'java/awt/EventQueue')}
  0x0000015f5effca1c: 49b8 2015 | bb89 0000 | 0000 410f | be57 4885 | d20f 8545 | 0e00 004c | 8bd0 4589 | 9080 0000 
  0x0000015f5effca3c: 00f0 8344 | 24c0 0049 | 8bd0 4833 | d048 c1ea | 1448 83fa | 000f 8540 

  0x0000015f5effca54: ;   {oop(a 'java/lang/Class'{0x0000000089bb1520} = 'java/awt/EventQueue')}
  0x0000015f5effca54: 0e00 0049 | b820 15bb | 8900 0000 | 0045 8b80 | 8000 0000 

  0x0000015f5effca68: ; implicit exception: dispatches to 0x0000015f5effd8af
  0x0000015f5effca68: 493b 0049 

  0x0000015f5effca6c: ;   {metadata(method data for {method} {0x0000015f7414c220} 'dispatchEventImpl' '(Ljava/awt/AWTEvent;Ljava/lang/Object;)V' in 'java/awt/EventQueue')}
  0x0000015f5effca6c: 8bd0 48be | 20aa 6d74 | 5f01 0000 

  0x0000015f5effca78: ;   {metadata('sun/util/logging/PlatformLogger')}
  0x0000015f5effca78: 49ba 3089 | 0006 0000 | 0000 4c89 | 9658 0500 | 0048 8386 | 6005 0000 

  0x0000015f5effca90: ;   {metadata(method data for {method} {0x0000015f74097888} 'isLoggable' '(Lsun/util/logging/PlatformLogger$Level;)Z' in 'sun/util/logging/PlatformLogger')}
  0x0000015f5effca90: 0148 ba60 | ef3e 745f | 0100 008b | b290 0000 | 0083 c602 | 89b2 9000 | 0000 81e6 | feff 1f00 
  0x0000015f5effcab0: 85f6 0f84 | fc0d 0000 

  0x0000015f5effcab8: ;   {metadata(method data for {method} {0x0000015f74097888} 'isLoggable' '(Lsun/util/logging/PlatformLogger$Level;)Z' in 'sun/util/logging/PlatformLogger')}
  0x0000015f5effcab8: 48ba 60ef | 3e74 5f01 | 0000 ff82 | d800 0000 | 418b 500c 

  0x0000015f5effcacc: ; implicit exception: dispatches to 0x0000015f5effd8d5
  0x0000015f5effcacc: 483b 024c 

  0x0000015f5effcad0: ;   {metadata(method data for {method} {0x0000015f74097888} 'isLoggable' '(Lsun/util/logging/PlatformLogger$Level;)Z' in 'sun/util/logging/PlatformLogger')}
  0x0000015f5effcad0: 8bc2 48be | 60ef 3e74 | 5f01 0000 | 458b 4008 | 41ba 0000 | 0005 4d03 | c24c 3b86 | 1001 0000 
  0x0000015f5effcaf0: 750d 4883 | 8618 0100 | 0001 e960 | 0000 004c | 3b86 2001 | 0000 750d | 4883 8628 | 0100 0001 
  0x0000015f5effcb10: e94a 0000 | 0048 83be | 1001 0000 | 0075 174c | 8986 1001 | 0000 48c7 | 8618 0100 | 0001 0000 
  0x0000015f5effcb30: 00e9 2900 | 0000 4883 | be20 0100 | 0000 7517 | 4c89 8620 | 0100 0048 | c786 2801 | 0000 0100 
  0x0000015f5effcb50: 0000 e908 | 0000 0048 | 8386 0801 

  0x0000015f5effcb5c: ;   {oop(a 'sun/util/logging/PlatformLogger$Level'{0x0000000089bb4398})}
  0x0000015f5effcb5c: 0000 0149 | b898 43bb | 8900 0000 | 000f 1f40 | 0048 b8e8 | ad50 785f 

  0x0000015f5effcb74: ;   {virtual_call}
  0x0000015f5effcb74: 0100 00e8 

  0x0000015f5effcb78: ; ImmutableOopMap {[168]=Oop }
                      ;*invokeinterface isLoggable {reexecute=0 rethrow=0 return_oop=0}
                      ; - sun.util.logging.PlatformLogger::isLoggable@17 (line 340)
                      ; - java.awt.EventQueue::dispatchEventImpl@117 (line 736)
  0x0000015f5effcb78: 6425 3b07 

  0x0000015f5effcb7c: ;   {post_call_nop}
  0x0000015f5effcb7c: 0f1f 8400 | 7410 0006 | 83e0 0185 

  0x0000015f5effcb88: ;   {metadata(method data for {method} {0x0000015f7414c220} 'dispatchEventImpl' '(Ljava/awt/AWTEvent;Ljava/lang/Object;)V' in 'java/awt/EventQueue')}
  0x0000015f5effcb88: c048 ba20 | aa6d 745f | 0100 00be | 8005 0000 | 7405 be90 | 0500 0048 | 8b3c 3248 | 8d7f 0148 
  0x0000015f5effcba8: 893c 320f | 8414 0b00 

  0x0000015f5effcbb0: ;   {metadata(method data for {method} {0x0000015f7414c220} 'dispatchEventImpl' '(Ljava/awt/AWTEvent;Ljava/lang/Object;)V' in 'java/awt/EventQueue')}
  0x0000015f5effcbb0: 0048 ba20 | aa6d 745f | 0100 0048 | 8382 a005 

  0x0000015f5effcbc0: ;   {metadata(method data for {method} {0x0000015f7414a628} 'getEventLog' '()Lsun/util/logging/PlatformLogger;' in 'java/awt/EventQueue')}
  0x0000015f5effcbc0: 0000 0148 | ba70 b86d | 745f 0100 | 008b b290 | 0000 0083 | c602 89b2 | 9000 0000 | 81e6 feff 
  0x0000015f5effcbe0: 1f00 85f6 | 0f84 f00c 

  0x0000015f5effcbe8: ;   {oop(a 'java/lang/Class'{0x0000000089bb1520} = 'java/awt/EventQueue')}
  0x0000015f5effcbe8: 0000 48ba | 2015 bb89 | 0000 0000 | 8b92 8000 | 0000 4885 

  0x0000015f5effcbfc: ;   {metadata(method data for {method} {0x0000015f7414a628} 'getEventLog' '()Lsun/util/logging/PlatformLogger;' in 'java/awt/EventQueue')}
  0x0000015f5effcbfc: d248 ba70 | b86d 745f | 0100 00be | d800 0000 | 7505 bee8 | 0000 0048 | 8b3c 3248 | 8d7f 0148 
  0x0000015f5effcc1c: 893c 320f | 856a 0000 

  0x0000015f5effcc24: ;   {metadata(method data for {method} {0x0000015f7414a628} 'getEventLog' '()Lsun/util/logging/PlatformLogger;' in 'java/awt/EventQueue')}
  0x0000015f5effcc24: 0048 ba70 | b86d 745f | 0100 0048 | 8382 f800 

  0x0000015f5effcc34: ;   {oop("java.awt.event.EventQueue"{0x0000000089bc4a80})}
  0x0000015f5effcc34: 0000 0148 | ba80 4abc | 8900 0000 | 0066 0f1f 

  0x0000015f5effcc44: ;   {static_call}
  0x0000015f5effcc44: 4400 00e8 

  0x0000015f5effcc48: ; ImmutableOopMap {[168]=Oop }
                      ;*invokestatic getLogger {reexecute=0 rethrow=0 return_oop=0}
                      ; - java.awt.EventQueue::getEventLog@8 (line 181)
                      ; - java.awt.EventQueue::dispatchEventImpl@123 (line 737)
  0x0000015f5effcc48: 9427 3b07 

  0x0000015f5effcc4c: ;   {post_call_nop}
  0x0000015f5effcc4c: 0f1f 8400 | 4411 0007 

  0x0000015f5effcc54: ;   {oop(a 'java/lang/Class'{0x0000000089bb1520} = 'java/awt/EventQueue')}
  0x0000015f5effcc54: 48ba 2015 | bb89 0000 | 0000 410f | be77 4885 | f60f 8590 | 0c00 004c | 8bd0 4489 | 9280 0000 
  0x0000015f5effcc74: 00f0 8344 | 24c0 0048 | 8bf2 4833 | f048 c1ee | 1448 83fe | 000f 858a 

  0x0000015f5effcc8c: ;   {oop(a 'java/lang/Class'{0x0000000089bb1520} = 'java/awt/EventQueue')}
  0x0000015f5effcc8c: 0c00 0048 | ba20 15bb | 8900 0000 | 008b b280 | 0000 0048 | 89b4 24b8 | 0000 004c | 8b84 24a8 
  0x0000015f5effccac: ;   {metadata(method data for {method} {0x0000015f7414c220} 'dispatchEventImpl' '(Ljava/awt/AWTEvent;Ljava/lang/Object;)V' in 'java/awt/EventQueue')}
  0x0000015f5effccac: 0000 0048 | ba20 aa6d | 745f 0100 | 0048 8382 | b005 0000 

  0x0000015f5effccc0: ;   {metadata(method data for {method} {0x00000000054af7c8} 'valueOf' '(Ljava/lang/Object;)Ljava/lang/String;' in 'java/lang/String')}
  0x0000015f5effccc0: 0148 ba38 | 3b20 745f | 0100 008b | ba90 0000 | 0083 c702 | 89ba 9000 | 0000 81e7 | feff 1f00 
  0x0000015f5effcce0: 85ff 0f84 | 490c 0000 

  0x0000015f5effcce8: ;   {metadata(method data for {method} {0x00000000054af7c8} 'valueOf' '(Ljava/lang/Object;)Ljava/lang/String;' in 'java/lang/String')}
  0x0000015f5effcce8: 4d85 c048 | ba38 3b20 | 745f 0100 | 00bf d800 | 0000 7505 | bfe8 0000 | 0048 8b1c | 3a48 8d5b 
  0x0000015f5effcd08: 0148 891c | 3a0f 851f 

  0x0000015f5effcd10: ;   {metadata(method data for {method} {0x00000000054af7c8} 'valueOf' '(Ljava/lang/Object;)Ljava/lang/String;' in 'java/lang/String')}
  0x0000015f5effcd10: 0000 0048 | ba38 3b20 | 745f 0100 | 00ff 82f8 

  0x0000015f5effcd20: ;   {oop("null"{0x00000000ffe3a780})}
  0x0000015f5effcd20: 0000 0048 | bf80 a7e3 | ff00 0000 | 00e9 a500 | 0000 498b 

  0x0000015f5effcd34: ;   {metadata(method data for {method} {0x00000000054af7c8} 'valueOf' '(Ljava/lang/Object;)Ljava/lang/String;' in 'java/lang/String')}
  0x0000015f5effcd34: d048 bf38 | 3b20 745f | 0100 008b | 5208 41ba | 0000 0005 | 4903 d248 | 3b97 1801 | 0000 750d 
  0x0000015f5effcd54: 4883 8720 | 0100 0001 | e960 0000 | 0048 3b97 | 2801 0000 | 750d 4883 | 8730 0100 | 0001 e94a 
  0x0000015f5effcd74: 0000 0048 | 83bf 1801 | 0000 0075 | 1748 8997 | 1801 0000 | 48c7 8720 | 0100 0001 | 0000 00e9 
  0x0000015f5effcd94: 2900 0000 | 4883 bf28 | 0100 0000 | 7517 4889 | 9728 0100 | 0048 c787 | 3001 0000 | 0100 0000 
  0x0000015f5effcdb4: e908 0000 | 0048 8387 | 1001 0000 | 0149 8bd0 

  0x0000015f5effcdc4: ;   {optimized virtual_call}
  0x0000015f5effcdc4: 6666 90e8 

  0x0000015f5effcdc8: ; ImmutableOopMap {[184]=Oop }
                      ;*invokevirtual toString {reexecute=0 rethrow=0 return_oop=0}
                      ; - java.lang.String::valueOf@11 (line 4530)
                      ; - java.awt.EventQueue::dispatchEventImpl@127 (line 737)
  0x0000015f5effcdc8: 1420 3b07 

  0x0000015f5effcdcc: ;   {post_call_nop}
  0x0000015f5effcdcc: 0f1f 8400 | c412 0008 | 488b f890 

  0x0000015f5effcdd8: ;   {other}
  0x0000015f5effcdd8: e984 0b00 | 0090 9090 | 9090 488b 

  0x0000015f5effcde4: ;   {static_call}
  0x0000015f5effcde4: d766 90e8 

  0x0000015f5effcde8: ; ImmutableOopMap {[184]=Oop }
                      ;*invokedynamic {reexecute=0 rethrow=0 return_oop=0}
                      ; - java.awt.EventQueue::dispatchEventImpl@130 (line 737)
  0x0000015f5effcde8: f425 3b07 

  0x0000015f5effcdec: ;   {post_call_nop}
  0x0000015f5effcdec: 0f1f 8400 | e412 0009 

  0x0000015f5effcdf4: ;   {metadata(method data for {method} {0x0000015f7414c220} 'dispatchEventImpl' '(Ljava/awt/AWTEvent;Ljava/lang/Object;)V' in 'java/awt/EventQueue')}
  0x0000015f5effcdf4: 49b8 20aa | 6d74 5f01 | 0000 4d8d | 80e0 0500 | 0048 85c0 | 750b 41f6 | 0001 7505 | f049 8308 
  0x0000015f5effce14: 0148 8bb4 | 24b8 0000 | 0048 3b06 

  0x0000015f5effce20: ;   {metadata(method data for {method} {0x0000015f7414c220} 'dispatchEventImpl' '(Ljava/awt/AWTEvent;Ljava/lang/Object;)V' in 'java/awt/EventQueue')}
  0x0000015f5effce20: 4c8b c649 | b920 aa6d | 745f 0100 

  0x0000015f5effce2c: ;   {metadata('sun/util/logging/PlatformLogger')}
  0x0000015f5effce2c: 0049 ba30 | 8900 0600 | 0000 004d | 8991 f805 | 0000 4983 | 8100 0600 

  0x0000015f5effce44: ;   {metadata(method data for {method} {0x0000015f740984e0} 'fine' '(Ljava/lang/String;)V' in 'sun/util/logging/PlatformLogger')}
  0x0000015f5effce44: 0001 49b8 | f8b8 4374 | 5f01 0000 | 458b 8890 | 0000 0041 | 83c1 0245 | 8988 9000 | 0000 4181 
  0x0000015f5effce64: e1fe ff1f | 0045 85c9 | 0f84 fe0a | 0000 8b56 | 0c48 3b02 

  0x0000015f5effce78: ;   {metadata(method data for {method} {0x0000015f740984e0} 'fine' '(Ljava/lang/String;)V' in 'sun/util/logging/PlatformLogger')}
  0x0000015f5effce78: 4c8b c249 | b9f8 b843 | 745f 0100 | 0045 8b40 | 0841 ba00 | 0000 054d | 03c2 4d3b | 8110 0100 
  0x0000015f5effce98: 0075 0d49 | 8381 1801 | 0000 01e9 | 6000 0000 | 4d3b 8120 | 0100 0075 | 0d49 8381 | 2801 0000 
  0x0000015f5effceb8: 01e9 4a00 | 0000 4983 | b910 0100 | 0000 7517 | 4d89 8110 | 0100 0049 | c781 1801 | 0000 0100 
  0x0000015f5effced8: 0000 e929 | 0000 0049 | 83b9 2001 | 0000 0075 | 174d 8981 | 2001 0000 | 49c7 8128 | 0100 0001 
  0x0000015f5effcef8: 0000 00e9 | 0800 0000 | 4983 8108 | 0100 0001 

  0x0000015f5effcf08: ;   {oop(a 'sun/util/logging/PlatformLogger$Level'{0x0000000089bb4398})}
  0x0000015f5effcf08: 49b8 9843 | bb89 0000 | 0000 4c8b 

  0x0000015f5effcf14: ;   {oop(nullptr)}
  0x0000015f5effcf14: c848 bf00 | 0000 0000 | 0000 0066 | 0f1f 4400 | 0048 b810 | ae50 785f 

  0x0000015f5effcf2c: ;   {virtual_call}
  0x0000015f5effcf2c: 0100 00e8 

  0x0000015f5effcf30: ; ImmutableOopMap {}
                      ;*invokeinterface log {reexecute=0 rethrow=0 return_oop=0}
                      ; - sun.util.logging.PlatformLogger::fine@12 (line 449)
                      ; - java.awt.EventQueue::dispatchEventImpl@135 (line 737)
  0x0000015f5effcf30: ac21 3b07 

  0x0000015f5effcf34: ;   {post_call_nop}
  0x0000015f5effcf34: 0f1f 8400 | 2c14 000a | 4881 c4d0 | 0000 005d 

  0x0000015f5effcf44: ;   {poll_return}
  0x0000015f5effcf44: 493b 6728 | 0f87 480a | 0000 c344 | 8b42 3449 | 3b00 498b 

  0x0000015f5effcf58: ;   {metadata(method data for {method} {0x0000015f7414c220} 'dispatchEventImpl' '(Ljava/awt/AWTEvent;Ljava/lang/Object;)V' in 'java/awt/EventQueue')}
  0x0000015f5effcf58: d048 be20 | aa6d 745f 

  0x0000015f5effcf60: ;   {metadata('java/awt/EventDispatchThread')}
  0x0000015f5effcf60: 0100 0049 | bae0 4902 | 0600 0000 | 004c 8996 | 0005 0000 | 4883 8608 | 0500 0001 

  0x0000015f5effcf7c: ;   {metadata(method data for {method} {0x0000015f74232d68} 'stopDispatching' '()V' in 'java/awt/EventDispatchThread')}
  0x0000015f5effcf7c: 48ba 70b7 | 6d74 5f01 | 0000 8bb2 | 9000 0000 | 83c6 0289 | b290 0000 | 0081 e6fe | ff1f 0085 
  0x0000015f5effcf9c: f60f 840e | 0a00 00ba | 0000 0000 | 4188 5078 | f083 4424 

  0x0000015f5effcfb0: ;   {metadata(method data for {method} {0x0000015f7414c220} 'dispatchEventImpl' '(Ljava/awt/AWTEvent;Ljava/lang/Object;)V' in 'java/awt/EventQueue')}
  0x0000015f5effcfb0: c000 49b8 | 20aa 6d74 | 5f01 0000 | 41ff 8028 | 0500 0048 | 81c4 d000 

  0x0000015f5effcfc8: ;   {poll_return}
  0x0000015f5effcfc8: 0000 5d49 | 3b67 280f | 87fd 0900 | 00c3 4c8b | 8424 a800 | 0000 4d85 

  0x0000015f5effcfe0: ;   {metadata(method data for {method} {0x0000015f7414c220} 'dispatchEventImpl' '(Ljava/awt/AWTEvent;Ljava/lang/Object;)V' in 'java/awt/EventQueue')}
  0x0000015f5effcfe0: c948 bf20 | aa6d 745f | 0100 0075 | 0c80 8fd9 | 0300 0001 | e9d3 0000 | 0041 8b59 | 0841 ba00 
  0x0000015f5effd000: 0000 0549 | 03da 483b | 9fe8 0300 | 0075 0d48 | 8387 f003 | 0000 01e9 | 6000 0000 | 483b 9ff8 
  0x0000015f5effd020: 0300 0075 | 0d48 8387 | 0004 0000 | 01e9 4a00 | 0000 4883 | bfe8 0300 | 0000 7517 | 4889 9fe8 
  0x0000015f5effd040: 0300 0048 | c787 f003 | 0000 0100 | 0000 e929 | 0000 0048 | 83bf f803 | 0000 0075 | 1748 899f 
  0x0000015f5effd060: f803 0000 | 48c7 8700 | 0400 0001 | 0000 00e9 | 0800 0000 | 4883 87e0 | 0300 0001 | 0f1f 4000 
  0x0000015f5effd080: ;   {other}
  0x0000015f5effd080: e972 0900 | 0000 0000 | 0000 418b | 7908 41ba | 0000 0005 | 4903 fa48 | 3bfb 0f84 | 2c00 0000 
  0x0000015f5effd0a0: 8b73 1448 | 3b1c 370f | 841f 0000 | 0083 fe20 | 0f85 4b09 | 0000 5753 

  0x0000015f5effd0b8: ;   {runtime_call C1 Runtime slow_subtype_check_blob}
  0x0000015f5effd0b8: e823 d947 | 075f 5b85 | db0f 843a | 0900 00e9 | 0000 0000 | 498b d166 | 0f1f 4400 | 0048 b838 
  0x0000015f5effd0d8: ae50 785f 

  0x0000015f5effd0dc: ;   {virtual_call}
  0x0000015f5effd0dc: 0100 00e8 

  0x0000015f5effd0e0: ; ImmutableOopMap {}
                      ;*invokevirtual dispatchEvent {reexecute=0 rethrow=0 return_oop=0}
                      ; - java.awt.EventQueue::dispatchEventImpl@81 (line 730)
  0x0000015f5effd0e0: fc1f 3b07 

  0x0000015f5effd0e4: ;   {post_call_nop}
  0x0000015f5effd0e4: 0f1f 8400 | dc15 000b 

  0x0000015f5effd0ec: ;   {metadata(method data for {method} {0x0000015f7414c220} 'dispatchEventImpl' '(Ljava/awt/AWTEvent;Ljava/lang/Object;)V' in 'java/awt/EventQueue')}
  0x0000015f5effd0ec: 49b8 20aa | 6d74 5f01 | 0000 41ff | 8040 0400 | 0048 81c4 | d000 0000 

  0x0000015f5effd104: ;   {poll_return}
  0x0000015f5effd104: 5d49 3b67 | 280f 87fb | 0800 00c3 | 4c8b 8424 | a800 0000 

  0x0000015f5effd118: ;   {metadata(method data for {method} {0x0000015f7414c220} 'dispatchEventImpl' '(Ljava/awt/AWTEvent;Ljava/lang/Object;)V' in 'java/awt/EventQueue')}
  0x0000015f5effd118: 4d85 c948 | bf20 aa6d | 745f 0100 | 0075 0c80 | 8f11 0300 | 0001 e9a8 | 0000 0041 | 8b59 0841 
  0x0000015f5effd138: ba00 0000 | 0549 03da | 483b 9f20 | 0300 0075 | 0d48 8387 | 2803 0000 | 01e9 6000 | 0000 483b 
  0x0000015f5effd158: 9f30 0300 | 0075 0d48 | 8387 3803 | 0000 01e9 | 4a00 0000 | 4883 bf20 | 0300 0000 | 7517 4889 
  0x0000015f5effd178: 9f20 0300 | 0048 c787 | 2803 0000 | 0100 0000 | e929 0000 | 0048 83bf | 3003 0000 | 0075 1748 
  0x0000015f5effd198: 899f 3003 | 0000 48c7 | 8738 0300 | 0001 0000 | 00e9 0800 | 0000 4883 | 8718 0300 

  0x0000015f5effd1b4: ;   {metadata('java/awt/MenuComponent')}
  0x0000015f5effd1b4: 0001 48bb | b08b 6874 | 5f01 0000 | 418b 7108 | 41ba 0000 | 0005 4903 | f248 3bde | 0f85 4a08 
  0x0000015f5effd1d4: 0000 e900 | 0000 0049 | 8bd1 483b | 0248 8bf2 

  0x0000015f5effd1e4: ;   {metadata(method data for {method} {0x0000015f7414c220} 'dispatchEventImpl' '(Ljava/awt/AWTEvent;Ljava/lang/Object;)V' in 'java/awt/EventQueue')}
  0x0000015f5effd1e4: 48bf 20aa | 6d74 5f01 | 0000 8b76 | 0841 ba00 | 0000 0549 | 03f2 483b | b750 0300 | 0075 0d48 
  0x0000015f5effd204: 8387 5803 | 0000 01e9 | 6000 0000 | 483b b760 | 0300 0075 | 0d48 8387 | 6803 0000 | 01e9 4a00 
  0x0000015f5effd224: 0000 4883 | bf50 0300 | 0000 7517 | 4889 b750 | 0300 0048 | c787 5803 | 0000 0100 | 0000 e929 
  0x0000015f5effd244: 0000 0048 | 83bf 6003 | 0000 0075 | 1748 89b7 | 6003 0000 | 48c7 8768 | 0300 0001 | 0000 00e9 
  0x0000015f5effd264: 0800 0000 | 4883 8748 | 0300 0001 | 0f1f 8000 

  0x0000015f5effd274: ;   {optimized virtual_call}
  0x0000015f5effd274: 0000 00e8 

  0x0000015f5effd278: ; ImmutableOopMap {}
                      ;*invokevirtual dispatchEvent {reexecute=0 rethrow=0 return_oop=0}
                      ; - java.awt.EventQueue::dispatchEventImpl@63 (line 728)
  0x0000015f5effd278: 641b 3b07 

  0x0000015f5effd27c: ;   {post_call_nop}
  0x0000015f5effd27c: 0f1f 8400 | 7417 000c 

  0x0000015f5effd284: ;   {metadata(method data for {method} {0x0000015f7414c220} 'dispatchEventImpl' '(Ljava/awt/AWTEvent;Ljava/lang/Object;)V' in 'java/awt/EventQueue')}
  0x0000015f5effd284: 49b8 20aa | 6d74 5f01 | 0000 41ff | 8078 0300 | 0048 81c4 | d000 0000 

  0x0000015f5effd29c: ;   {poll_return}
  0x0000015f5effd29c: 5d49 3b67 | 280f 8787 | 0700 00c3 

  0x0000015f5effd2a8: ;   {metadata(method data for {method} {0x0000015f7414c220} 'dispatchEventImpl' '(Ljava/awt/AWTEvent;Ljava/lang/Object;)V' in 'java/awt/EventQueue')}
  0x0000015f5effd2a8: 488b f248 | bf20 aa6d | 745f 0100 | 0048 8387 | 2801 0000 | 0149 8bf0 | 4c8b c60f 

  0x0000015f5effd2c4: ;   {optimized virtual_call}
  0x0000015f5effd2c4: 1f40 00e8 

  0x0000015f5effd2c8: ; ImmutableOopMap {[168]=Oop }
                      ;*invokevirtual setCurrentEventAndMostRecentTimeImpl {reexecute=0 rethrow=0 return_oop=0}
                      ; - java.awt.EventQueue::dispatchEventImpl@14 (line 722)
  0x0000015f5effd2c8: d4cd ffff 

  0x0000015f5effd2cc: ;   {post_call_nop}
  0x0000015f5effd2cc: 0f1f 8400 | c417 000d | 4c8b 8424 | a800 0000 

  0x0000015f5effd2dc: ;   {metadata(method data for {method} {0x0000015f7414c220} 'dispatchEventImpl' '(Ljava/awt/AWTEvent;Ljava/lang/Object;)V' in 'java/awt/EventQueue')}
  0x0000015f5effd2dc: 4d85 c048 | bf20 aa6d | 745f 0100 | 0075 0c80 | 8f51 0100 | 0001 e9c3 | 0000 0041 | 8b58 0841 
  0x0000015f5effd2fc: ba00 0000 | 0549 03da | 483b 9f60 | 0100 0075 | 0d48 8387 | 6801 0000 | 01e9 6000 | 0000 483b 
  0x0000015f5effd31c: 9f70 0100 | 0075 0d48 | 8387 7801 | 0000 01e9 | 4a00 0000 | 4883 bf60 | 0100 0000 | 7517 4889 
  0x0000015f5effd33c: 9f60 0100 | 0048 c787 | 6801 0000 | 0100 0000 | e929 0000 | 0048 83bf | 7001 0000 | 0075 1748 
  0x0000015f5effd35c: 899f 7001 | 0000 48c7 | 8778 0100 | 0001 0000 | 00e9 0800 | 0000 4883 | 8758 0100 

  0x0000015f5effd378: ;   {metadata('java/awt/ActiveEvent')}
  0x0000015f5effd378: 0001 48bb | 1002 2374 | 5f01 0000 | 418b 7808 | 41ba 0000 | 0005 4903 | fa48 3b5f | 200f 841f 
  0x0000015f5effd398: 0000 0048 | 3bfb 0f84 | 1600 0000 

  0x0000015f5effd3a4: ;   {runtime_call C1 Runtime slow_subtype_check_blob}
  0x0000015f5effd3a4: 5753 e835 | d647 075f | 5f85 ff0f | 848f 0600 | 00e9 0000 | 0000 498b | d048 3b02 

  0x0000015f5effd3c0: ;   {metadata(method data for {method} {0x0000015f7414c220} 'dispatchEventImpl' '(Ljava/awt/AWTEvent;Ljava/lang/Object;)V' in 'java/awt/EventQueue')}
  0x0000015f5effd3c0: 488b f248 | bf20 aa6d | 745f 0100 | 008b 7608 | 41ba 0000 | 0005 4903 | f248 3bb7 | 9001 0000 
  0x0000015f5effd3e0: 750d 4883 | 8798 0100 | 0001 e960 | 0000 0048 | 3bb7 a001 | 0000 750d | 4883 87a8 | 0100 0001 
  0x0000015f5effd400: e94a 0000 | 0048 83bf | 9001 0000 | 0075 1748 | 89b7 9001 | 0000 48c7 | 8798 0100 | 0001 0000 
  0x0000015f5effd420: 00e9 2900 | 0000 4883 | bfa0 0100 | 0000 7517 | 4889 b7a0 | 0100 0048 | c787 a801 | 0000 0100 
  0x0000015f5effd440: 0000 e908 | 0000 0048 | 8387 8801 | 0000 0166 | 0f1f 4400 | 0048 b860 | ae50 785f 

  0x0000015f5effd45c: ;   {virtual_call}
  0x0000015f5effd45c: 0100 00e8 

  0x0000015f5effd460: ; ImmutableOopMap {}
                      ;*invokeinterface dispatch {reexecute=0 rethrow=0 return_oop=0}
                      ; - java.awt.EventQueue::dispatchEventImpl@21 (line 723)
  0x0000015f5effd460: 4c6b 4907 

  0x0000015f5effd464: ;   {post_call_nop}
  0x0000015f5effd464: 0f1f 8400 | 5c19 000e 

  0x0000015f5effd46c: ;   {metadata(method data for {method} {0x0000015f7414c220} 'dispatchEventImpl' '(Ljava/awt/AWTEvent;Ljava/lang/Object;)V' in 'java/awt/EventQueue')}
  0x0000015f5effd46c: 48ba 20aa | 6d74 5f01 | 0000 ff82 | b801 0000 | 4881 c4d0 | 0000 005d 

  0x0000015f5effd484: ;   {poll_return}
  0x0000015f5effd484: 493b 6728 | 0f87 c405 | 0000 c390 

  0x0000015f5effd490: ;   {other}
  0x0000015f5effd490: e9e2 0500 | 0000 0000 | 0000 80ba | 3001 0000 | 040f 85df | 0500 0049 | 8b87 c801 | 0000 488d 
  0x0000015f5effd4b0: 7828 493b | bfd8 0100 | 000f 87c7 | 0500 0049 | 89bf c801 | 0000 48c7 | 0001 0000 | 0048 8bca 
  0x0000015f5effd4d0: 41ba 0000 | 0005 492b | ca89 4808 | 4833 c989 | 480c 4833 | c948 8948 | 1048 8948 | 1848 8948 
  0x0000015f5effd4f0: 2048 8bd0 

  0x0000015f5effd4f4: ;   {metadata(method data for {method} {0x0000000005478568} 'lookup' '()Ljava/lang/invoke/MethodHandles$Lookup;' in 'java/lang/invoke/MethodHandles')}
  0x0000015f5effd4f4: 48be d83a | 5174 5f01 | 0000 4883 | 8608 0100 

  0x0000015f5effd504: ;   {oop("no caller frame"{0x00000000ffe3a660})}
  0x0000015f5effd504: 0001 49b8 | 60a6 e3ff | 0000 0000 | 488b d048 | 8984 24c0 | 0000 000f 

  0x0000015f5effd51c: ;   {optimized virtual_call}
  0x0000015f5effd51c: 1f40 00e8 

  0x0000015f5effd520: ; ImmutableOopMap {[168]=Oop [192]=Oop }
                      ;*invokespecial <init> {reexecute=0 rethrow=0 return_oop=0}
                      ; - java.lang.invoke.MethodHandles::lookup@14 (line 127)
                      ; - sun.awt.AWTAccessor::ensureClassInitialized@0 (line 1464)
                      ; - sun.awt.AWTAccessor::getInputEventAccessor@10 (line 963)
                      ; - java.awt.AWTEvent::dispatched@7 (line 571)
                      ; - java.awt.EventQueue::dispatchEventImpl@45 (line 726)
  0x0000015f5effd520: bc18 3b07 

  0x0000015f5effd524: ;   {post_call_nop}
  0x0000015f5effd524: 0f1f 8400 | 1c1a 000f | 488b 8424 | c000 0000 | e9c6 0500 | 0049 8b87 | 8805 0000 | 4d33 d24d 
  0x0000015f5effd544: 8997 8805 | 0000 4d33 | d24d 8997 | 9005 0000 

  0x0000015f5effd554: ;   {oop(a 'java/lang/Class'{0x0000000089bb1428} = 'sun/awt/AWTAccessor')}
  0x0000015f5effd554: 48be 2814 | bb89 0000 | 0000 8bb6 | 8c00 0000 | 4c8b 8424 | a800 0000 

  0x0000015f5effd56c: ;   {metadata(method data for {method} {0x0000015f740ec068} 'dispatched' '()V' in 'java/awt/AWTEvent')}
  0x0000015f5effd56c: 4d85 c048 | b8e0 b16d | 745f 0100 | 0075 0c80 | 8831 0100 | 0001 e9a9 | 0000 0041 | 8b50 0841 
  0x0000015f5effd58c: ba00 0000 | 0549 03d2 | 483b 9040 | 0100 0075 | 0d48 8380 | 4801 0000 | 01e9 6000 | 0000 483b 
  0x0000015f5effd5ac: 9050 0100 | 0075 0d48 | 8380 5801 | 0000 01e9 | 4a00 0000 | 4883 b840 | 0100 0000 | 7517 4889 
  0x0000015f5effd5cc: 9040 0100 | 0048 c780 | 4801 0000 | 0100 0000 | e929 0000 | 0048 83b8 | 5001 0000 | 0075 1748 
  0x0000015f5effd5ec: 8990 5001 | 0000 48c7 | 8058 0100 | 0001 0000 | 00e9 0800 | 0000 4883 | 8038 0100 

  0x0000015f5effd608: ;   {metadata('java/awt/event/InputEvent')}
  0x0000015f5effd608: 0001 48ba | 70cc 0e74 | 5f01 0000 | 418b 4008 | 41ba 0000 | 0005 4903 | c248 3b50 | 500f 8568 
  0x0000015f5effd628: 0400 00e9 | 0000 0000 | 498b f848 | 85f6 0f84 | 2500 0000 

  0x0000015f5effd63c: ;   {metadata('java/awt/event/InputEvent$1')}
  0x0000015f5effd63c: 48b9 f0d3 | 0006 0000 | 0000 8b56 | 0841 ba00 | 0000 0549 | 03d2 483b | 4a38 0f85 | 4004 0000 
  0x0000015f5effd65c: e900 0000 | 0048 8bde 

  0x0000015f5effd664: ; implicit exception: dispatches to 0x0000015f5effdaa1
                      ;   {metadata(method data for {method} {0x0000015f740ec068} 'dispatched' '()V' in 'java/awt/AWTEvent')}
  0x0000015f5effd664: 483b 0648 | bbe0 b16d | 745f 0100 

  0x0000015f5effd670: ;   {metadata('java/awt/event/InputEvent$1')}
  0x0000015f5effd670: 0049 baf0 | d300 0600 | 0000 004c | 8993 7001 | 0000 4883 | 8378 0100 

  0x0000015f5effd688: ;   {metadata(method data for {method} {0x0000015f740ef770} 'setCanAccessSystemClipboard' '(Ljava/awt/event/InputEvent;Z)V' in 'java/awt/event/InputEvent$1')}
  0x0000015f5effd688: 0001 48be | f8b4 6d74 | 5f01 0000 | 8b9e 9000 | 0000 83c3 | 0289 9e90 | 0000 0081 | e3fe ff1f 
  0x0000015f5effd6a8: 0085 db0f | 84f5 0300 | 00c6 4728 

  0x0000015f5effd6b4: ;   {metadata(method data for {method} {0x0000015f7414c220} 'dispatchEventImpl' '(Ljava/awt/AWTEvent;Ljava/lang/Object;)V' in 'java/awt/EventQueue')}
  0x0000015f5effd6b4: 0048 be20 | aa6d 745f | 0100 00ff | 86b0 0200 | 0048 81c4 | d000 0000 

  0x0000015f5effd6cc: ;   {poll_return}
  0x0000015f5effd6cc: 5d49 3b67 | 280f 87f5 | 0300 00c3 

  0x0000015f5effd6d8: ;   {metadata({method} {0x0000015f7414c220} 'dispatchEventImpl' '(Ljava/awt/AWTEvent;Ljava/lang/Object;)V' in 'java/awt/EventQueue')}
  0x0000015f5effd6d8: 49ba 18c2 | 1474 5f01 | 0000 4c89 | 5424 0848 | c704 24ff 

  0x0000015f5effd6ec: ;   {runtime_call C1 Runtime counter_overflow_blob}
  0x0000015f5effd6ec: ffff ffe8 

  0x0000015f5effd6f0: ; ImmutableOopMap {rdx=Oop r8=Oop r9=Oop [168]=Oop }
                      ;*synchronization entry
                      ; - java.awt.EventQueue::dispatchEventImpl@-1 (line 719)
  0x0000015f5effd6f0: 6c00 4807 | e975 e5ff 

  0x0000015f5effd6f8: ;   {runtime_call C1 Runtime throw_null_pointer_exception_blob}
  0x0000015f5effd6f8: ffe8 e2a1 

  0x0000015f5effd6fc: ; ImmutableOopMap {rdx=Oop r8=Oop r9=Oop [168]=Oop }
                      ;*putfield isPosted {reexecute=1 rethrow=0 return_oop=0}
                      ; - (reexecute) java.awt.EventQueue::dispatchEventImpl@2 (line 719)
  0x0000015f5effd6fc: 4707 4c89 

  0x0000015f5effd700: ;   {runtime_call C1 Runtime throw_class_cast_exception_blob}
  0x0000015f5effd700: 0c24 e8d9 

  0x0000015f5effd704: ; ImmutableOopMap {r8=Oop [168]=Oop }
                      ;*checkcast {reexecute=0 rethrow=0 return_oop=0}
                      ; - java.awt.EventQueue::dispatchEventImpl@37 (line 725)
                      ;   {runtime_call C1 Runtime throw_null_pointer_exception_blob}
  0x0000015f5effd704: cc47 07e8 

  0x0000015f5effd708: ; ImmutableOopMap {r8=Oop rdx=Oop [168]=Oop }
                      ;*invokevirtual dispatchEvent {reexecute=0 rethrow=0 return_oop=0}
                      ; - java.awt.EventQueue::dispatchEventImpl@41 (line 725)
  0x0000015f5effd708: d4a1 4707 

  0x0000015f5effd70c: ;   {metadata({method} {0x0000015f740503d8} 'dispatchEvent' '(Ljava/awt/AWTEvent;)V' in 'java/awt/Component')}
  0x0000015f5effd70c: 49ba d003 | 0574 5f01 | 0000 4c89 | 5424 0848 | c704 24ff 

  0x0000015f5effd720: ;   {runtime_call C1 Runtime counter_overflow_blob}
  0x0000015f5effd720: ffff ffe8 

  0x0000015f5effd724: ; ImmutableOopMap {r8=Oop rdx=Oop [168]=Oop }
                      ;*synchronization entry
                      ; - java.awt.Component::dispatchEvent@-1 (line 4790)
                      ; - java.awt.EventQueue::dispatchEventImpl@41 (line 725)
  0x0000015f5effd724: 3800 4807 | e9d0 e8ff 

  0x0000015f5effd72c: ;   {metadata({method} {0x0000015f740ec068} 'dispatched' '()V' in 'java/awt/AWTEvent')}
  0x0000015f5effd72c: ff49 ba60 | c00e 745f | 0100 004c | 8954 2408 | 48c7 0424 | ffff ffff 

  0x0000015f5effd744: ;   {runtime_call C1 Runtime counter_overflow_blob}
  0x0000015f5effd744: e817 0048 

  0x0000015f5effd748: ; ImmutableOopMap {[168]=Oop }
                      ;*synchronization entry
                      ; - java.awt.AWTEvent::dispatched@-1 (line 570)
                      ; - java.awt.EventQueue::dispatchEventImpl@45 (line 726)
  0x0000015f5effd748: 07e9 1aea 

  0x0000015f5effd74c: ;   {metadata({method} {0x0000015f740c85c0} 'getInputEventAccessor' '()Lsun/awt/AWTAccessor$InputEventAccessor;' in 'sun/awt/AWTAccessor')}
  0x0000015f5effd74c: ffff 49ba | b885 0c74 | 5f01 0000 | 4c89 5424 | 0848 c704 | 24ff ffff 

  0x0000015f5effd764: ;   {runtime_call C1 Runtime counter_overflow_blob}
  0x0000015f5effd764: ffe8 f6ff 

  0x0000015f5effd768: ; ImmutableOopMap {r8=Oop [168]=Oop }
                      ;*synchronization entry
                      ; - sun.awt.AWTAccessor::getInputEventAccessor@-1 (line 961)
                      ; - java.awt.AWTEvent::dispatched@7 (line 571)
                      ; - java.awt.EventQueue::dispatchEventImpl@45 (line 726)
  0x0000015f5effd768: 4707 e932 

  0x0000015f5effd76c: ;   {metadata({method} {0x0000015f740cad80} 'ensureClassInitialized' '(Ljava/lang/Class;)V' in 'sun/awt/AWTAccessor')}
  0x0000015f5effd76c: ebff ff49 | ba78 ad0c | 745f 0100 | 004c 8954 | 2408 48c7 | 0424 ffff 

  0x0000015f5effd784: ;   {runtime_call C1 Runtime counter_overflow_blob}
  0x0000015f5effd784: ffff e8d5 

  0x0000015f5effd788: ; ImmutableOopMap {[168]=Oop }
                      ;*synchronization entry
                      ; - sun.awt.AWTAccessor::ensureClassInitialized@-1 (line 1464)
                      ; - sun.awt.AWTAccessor::getInputEventAccessor@10 (line 963)
                      ; - java.awt.AWTEvent::dispatched@7 (line 571)
                      ; - java.awt.EventQueue::dispatchEventImpl@45 (line 726)
  0x0000015f5effd788: ff47 07e9 | 85eb ffff 

  0x0000015f5effd790: ;   {metadata({method} {0x0000000005478568} 'lookup' '()Ljava/lang/invoke/MethodHandles$Lookup;' in 'java/lang/invoke/MethodHandles')}
  0x0000015f5effd790: 49ba 6085 | 4705 0000 | 0000 4c89 | 5424 0848 | c704 24ff 

  0x0000015f5effd7a4: ;   {runtime_call C1 Runtime counter_overflow_blob}
  0x0000015f5effd7a4: ffff ffe8 

  0x0000015f5effd7a8: ; ImmutableOopMap {[168]=Oop }
                      ;*synchronization entry
                      ; - java.lang.invoke.MethodHandles::lookup@-1 (line 125)
                      ; - sun.awt.AWTAccessor::ensureClassInitialized@0 (line 1464)
                      ; - sun.awt.AWTAccessor::getInputEventAccessor@10 (line 963)
                      ; - java.awt.AWTEvent::dispatched@7 (line 571)
                      ; - java.awt.EventQueue::dispatchEventImpl@45 (line 726)
  0x0000015f5effd7a8: b4ff 4707 | e99d ebff | ff48 8bd2 

  0x0000015f5effd7b4: ;   {runtime_call C1 Runtime fast_new_instance_blob}
  0x0000015f5effd7b4: e827 b147 

  0x0000015f5effd7b8: ; ImmutableOopMap {r8=Oop [168]=Oop }
                      ;*new {reexecute=0 rethrow=0 return_oop=0}
                      ; - java.lang.invoke.MethodHandles::lookup@18 (line 129)
                      ; - sun.awt.AWTAccessor::ensureClassInitialized@0 (line 1464)
                      ; - sun.awt.AWTAccessor::getInputEventAccessor@10 (line 963)
                      ; - java.awt.AWTEvent::dispatched@7 (line 571)
                      ; - java.awt.EventQueue::dispatchEventImpl@45 (line 726)
  0x0000015f5effd7b8: 07e9 34ec 

  0x0000015f5effd7bc: ;   {metadata({method} {0x000000000547c818} '<init>' '(Ljava/lang/Class;)V' in 'java/lang/invoke/MethodHandles$Lookup')}
  0x0000015f5effd7bc: ffff 49ba | 10c8 4705 | 0000 0000 | 4c89 5424 | 0848 c704 | 24ff ffff 

  0x0000015f5effd7d4: ;   {runtime_call C1 Runtime counter_overflow_blob}
  0x0000015f5effd7d4: ffe8 86ff 

  0x0000015f5effd7d8: ; ImmutableOopMap {r8=Oop rax=Oop [168]=Oop }
                      ;*synchronization entry
                      ; - java.lang.invoke.MethodHandles$Lookup::<init>@-1 (line 1533)
                      ; - java.lang.invoke.MethodHandles::lookup@23 (line 129)
                      ; - sun.awt.AWTAccessor::ensureClassInitialized@0 (line 1464)
                      ; - sun.awt.AWTAccessor::getInputEventAccessor@10 (line 963)
                      ; - java.awt.AWTEvent::dispatched@7 (line 571)
                      ; - java.awt.EventQueue::dispatchEventImpl@45 (line 726)
  0x0000015f5effd7d8: 4707 e951 

  0x0000015f5effd7dc: ;   {metadata(nullptr)}
  0x0000015f5effd7dc: ecff ff48 | b800 0000 | 0000 0000 | 00b8 000f 

  0x0000015f5effd7ec: ;   {runtime_call C1 Runtime load_klass_patching_blob}
  0x0000015f5effd7ec: 050a e8ed 

  0x0000015f5effd7f0: ; ImmutableOopMap {rdx=Oop r9=Oop [168]=Oop }
                      ;*instanceof {reexecute=1 rethrow=0 return_oop=0}
                      ; - (reexecute) java.awt.EventQueue::dispatchEventImpl@70 (line 729)
  0x0000015f5effd7f0: ee47 07e9 | d8ee ffff 

  0x0000015f5effd7f8: ;   {metadata({method} {0x0000015f7414b858} 'noEvents' '()Z' in 'java/awt/EventQueue')}
  0x0000015f5effd7f8: 49ba 50b8 | 1474 5f01 | 0000 4c89 | 5424 0848 | c704 24ff 

  0x0000015f5effd80c: ;   {runtime_call C1 Runtime counter_overflow_blob}
  0x0000015f5effd80c: ffff ffe8 

  0x0000015f5effd810: ; ImmutableOopMap {rdx=Oop }
                      ;*synchronization entry
                      ; - java.awt.EventQueue::noEvents@-1 (line 520)
                      ; - java.awt.EventQueue::dispatchEventImpl@95 (line 732)
  0x0000015f5effd810: 4cff 4707 | e96a f0ff 

  0x0000015f5effd818: ;   {runtime_call C1 Runtime throw_null_pointer_exception_blob}
  0x0000015f5effd818: ffe8 c2a0 

  0x0000015f5effd81c: ; ImmutableOopMap {rdx=Oop rdi=Oop }
                      ;*aaload {reexecute=0 rethrow=0 return_oop=0}
                      ; - java.awt.EventQueue::noEvents@12 (line 521)
                      ; - java.awt.EventQueue::dispatchEventImpl@95 (line 732)
                      ;   {runtime_call C1 Runtime throw_null_pointer_exception_blob}
  0x0000015f5effd81c: 4707 e8bd 

  0x0000015f5effd820: ; ImmutableOopMap {rdx=Oop rdi=Oop }
                      ;*aaload {reexecute=0 rethrow=0 return_oop=0}
                      ; - java.awt.EventQueue::noEvents@12 (line 521)
                      ; - java.awt.EventQueue::dispatchEventImpl@95 (line 732)
  0x0000015f5effd820: a047 0748 | 8934 2448 | 897c 2408 

  0x0000015f5effd82c: ;   {runtime_call C1 Runtime throw_range_check_failed_blob}
  0x0000015f5effd82c: e8af 9747 

  0x0000015f5effd830: ; ImmutableOopMap {rdx=Oop rdi=Oop }
                      ;*aaload {reexecute=0 rethrow=0 return_oop=0}
                      ; - java.awt.EventQueue::noEvents@12 (line 521)
                      ; - java.awt.EventQueue::dispatchEventImpl@95 (line 732)
                      ;   {runtime_call C1 Runtime throw_null_pointer_exception_blob}
  0x0000015f5effd830: 07e8 aaa0 

  0x0000015f5effd834: ; ImmutableOopMap {rdx=Oop }
                      ;*getfield head {reexecute=1 rethrow=0 return_oop=0}
                      ; - (reexecute) java.awt.EventQueue::noEvents@13 (line 521)
                      ; - java.awt.EventQueue::dispatchEventImpl@95 (line 732)
                      ;   {metadata({method} {0x0000015f7414b858} 'noEvents' '()Z' in 'java/awt/EventQueue')}
  0x0000015f5effd834: 4707 49ba | 50b8 1474 | 5f01 0000 | 4c89 5424 | 0848 c704 | 2418 0000 

  0x0000015f5effd84c: ;   {runtime_call C1 Runtime counter_overflow_blob}
  0x0000015f5effd84c: 00e8 0eff 

  0x0000015f5effd850: ; ImmutableOopMap {rdx=Oop }
                      ;*goto {reexecute=1 rethrow=0 return_oop=0}
                      ; - (reexecute) java.awt.EventQueue::noEvents@24 (line 520)
                      ; - java.awt.EventQueue::dispatchEventImpl@95 (line 732)
  0x0000015f5effd850: 4707 e9a3 

  0x0000015f5effd854: ;   {metadata({method} {0x0000015f7414a628} 'getEventLog' '()Lsun/util/logging/PlatformLogger;' in 'java/awt/EventQueue')}
  0x0000015f5effd854: f0ff ff49 | ba20 a614 | 745f 0100 | 004c 8954 | 2408 48c7 | 0424 ffff 

  0x0000015f5effd86c: ;   {runtime_call C1 Runtime counter_overflow_blob}
  0x0000015f5effd86c: ffff e8ed 

  0x0000015f5effd870: ; ImmutableOopMap {[168]=Oop }
                      ;*synchronization entry
                      ; - java.awt.EventQueue::getEventLog@-1 (line 180)
                      ; - java.awt.EventQueue::dispatchEventImpl@111 (line 736)
  0x0000015f5effd870: fe47 07e9 | 40f1 ffff | 418b 9080 | 0000 0048 | 83fa 000f | 84aa f1ff | ff48 8914 

  0x0000015f5effd88c: ;   {runtime_call g1_pre_barrier_slow}
  0x0000015f5effd88c: 24e8 ce04 | 4807 e99c | f1ff ff48 | 83f8 000f | 84b6 f1ff | ff4c 8904 

  0x0000015f5effd8a4: ;   {runtime_call g1_post_barrier_slow}
  0x0000015f5effd8a4: 24e8 b607 | 4807 e9a8 

  0x0000015f5effd8ac: ;   {runtime_call C1 Runtime throw_null_pointer_exception_blob}
  0x0000015f5effd8ac: f1ff ffe8 

  0x0000015f5effd8b0: ; ImmutableOopMap {r8=Oop [168]=Oop }
                      ;*invokevirtual isLoggable {reexecute=0 rethrow=0 return_oop=0}
                      ; - java.awt.EventQueue::dispatchEventImpl@117 (line 736)
  0x0000015f5effd8b0: 2ca0 4707 

  0x0000015f5effd8b4: ;   {metadata({method} {0x0000015f74097888} 'isLoggable' '(Lsun/util/logging/PlatformLogger$Level;)Z' in 'sun/util/logging/PlatformLogger')}
  0x0000015f5effd8b4: 49ba 8078 | 0974 5f01 | 0000 4c89 | 5424 0848 | c704 24ff 

  0x0000015f5effd8c8: ;   {runtime_call C1 Runtime counter_overflow_blob}
  0x0000015f5effd8c8: ffff ffe8 

  0x0000015f5effd8cc: ; ImmutableOopMap {r8=Oop [168]=Oop }
                      ;*synchronization entry
                      ; - sun.util.logging.PlatformLogger::isLoggable@-1 (line 336)
                      ; - java.awt.EventQueue::dispatchEventImpl@117 (line 736)
  0x0000015f5effd8cc: 90fe 4707 | e9e3 f1ff 

  0x0000015f5effd8d4: ;   {runtime_call C1 Runtime throw_null_pointer_exception_blob}
  0x0000015f5effd8d4: ffe8 06a0 

  0x0000015f5effd8d8: ; ImmutableOopMap {rdx=Oop [168]=Oop }
                      ;*invokeinterface isLoggable {reexecute=0 rethrow=0 return_oop=0}
                      ; - sun.util.logging.PlatformLogger::isLoggable@17 (line 340)
                      ; - java.awt.EventQueue::dispatchEventImpl@117 (line 736)
                      ;   {metadata({method} {0x0000015f7414a628} 'getEventLog' '()Lsun/util/logging/PlatformLogger;' in 'java/awt/EventQueue')}
  0x0000015f5effd8d8: 4707 49ba | 20a6 1474 | 5f01 0000 | 4c89 5424 | 0848 c704 | 24ff ffff 

  0x0000015f5effd8f0: ;   {runtime_call C1 Runtime counter_overflow_blob}
  0x0000015f5effd8f0: ffe8 6afe 

  0x0000015f5effd8f4: ; ImmutableOopMap {[168]=Oop }
                      ;*synchronization entry
                      ; - java.awt.EventQueue::getEventLog@-1 (line 180)
                      ; - java.awt.EventQueue::dispatchEventImpl@123 (line 737)
  0x0000015f5effd8f4: 4707 e9ef | f2ff ff8b | b280 0000 | 0048 83fe | 000f 8460 | f3ff ff48 

  0x0000015f5effd90c: ;   {runtime_call g1_pre_barrier_slow}
  0x0000015f5effd90c: 8934 24e8 | 4c04 4807 | e952 f3ff | ff48 83f8 | 000f 846c | f3ff ff48 

  0x0000015f5effd924: ;   {runtime_call g1_post_barrier_slow}
  0x0000015f5effd924: 8914 24e8 | 3407 4807 | e95e f3ff 

  0x0000015f5effd930: ;   {metadata({method} {0x00000000054af7c8} 'valueOf' '(Ljava/lang/Object;)Ljava/lang/String;' in 'java/lang/String')}
  0x0000015f5effd930: ff49 bac0 | f74a 0500 | 0000 004c | 8954 2408 | 48c7 0424 | ffff ffff 

  0x0000015f5effd948: ;   {runtime_call C1 Runtime counter_overflow_blob}
  0x0000015f5effd948: e813 fe47 

  0x0000015f5effd94c: ; ImmutableOopMap {rsi=Oop r8=Oop [168]=Oop [184]=Oop }
                      ;*synchronization entry
                      ; - java.lang.String::valueOf@-1 (line 4530)
                      ; - java.awt.EventQueue::dispatchEventImpl@127 (line 737)
  0x0000015f5effd94c: 07e9 96f3 | ffff 49b8 | 0000 0000 | 0000 0000 | b800 0f05 

  0x0000015f5effd960: ;   {runtime_call C1 Runtime load_appendix_patching_blob}
  0x0000015f5effd960: 0ae8 7af6 

  0x0000015f5effd964: ; ImmutableOopMap {rdi=Oop [184]=Oop }
                      ;*invokedynamic {reexecute=1 rethrow=0 return_oop=0}
                      ; - (reexecute) java.awt.EventQueue::dispatchEventImpl@130 (line 737)
  0x0000015f5effd964: 4707 e96d 

  0x0000015f5effd968: ;   {runtime_call C1 Runtime throw_null_pointer_exception_blob}
  0x0000015f5effd968: f4ff ffe8 

  0x0000015f5effd96c: ; ImmutableOopMap {rax=Oop rsi=Oop [184]=Oop }
                      ;*invokevirtual fine {reexecute=0 rethrow=0 return_oop=0}
                      ; - java.awt.EventQueue::dispatchEventImpl@135 (line 737)
  0x0000015f5effd96c: 709f 4707 

  0x0000015f5effd970: ;   {metadata({method} {0x0000015f740984e0} 'fine' '(Ljava/lang/String;)V' in 'sun/util/logging/PlatformLogger')}
  0x0000015f5effd970: 49ba d884 | 0974 5f01 | 0000 4c89 | 5424 0848 | c704 24ff 

  0x0000015f5effd984: ;   {runtime_call C1 Runtime counter_overflow_blob}
  0x0000015f5effd984: ffff ffe8 

  0x0000015f5effd988: ; ImmutableOopMap {rax=Oop rsi=Oop [184]=Oop }
                      ;*synchronization entry
                      ; - sun.util.logging.PlatformLogger::fine@-1 (line 449)
                      ; - java.awt.EventQueue::dispatchEventImpl@135 (line 737)
  0x0000015f5effd988: d4fd 4707 | e9e1 f4ff 

  0x0000015f5effd990: ;   {runtime_call C1 Runtime throw_null_pointer_exception_blob}
  0x0000015f5effd990: ffe8 4a9f 

  0x0000015f5effd994: ; ImmutableOopMap {rax=Oop rdx=Oop }
                      ;*invokeinterface log {reexecute=0 rethrow=0 return_oop=0}
                      ; - sun.util.logging.PlatformLogger::fine@12 (line 449)
                      ; - java.awt.EventQueue::dispatchEventImpl@135 (line 737)
                      ;   {internal_word}
  0x0000015f5effd994: 4707 49ba | 44cf ff5e | 5f01 0000 | 4d89 97e0 

  0x0000015f5effd9a4: ;   {runtime_call SafepointBlob}
  0x0000015f5effd9a4: 0400 00e9 | b435 3b07 

  0x0000015f5effd9ac: ;   {runtime_call C1 Runtime throw_null_pointer_exception_blob}
  0x0000015f5effd9ac: e82f 9f47 

  0x0000015f5effd9b0: ; ImmutableOopMap {r8=Oop }
                      ;*invokevirtual stopDispatching {reexecute=0 rethrow=0 return_oop=0}
                      ; - java.awt.EventQueue::dispatchEventImpl@105 (line 733)
                      ;   {metadata({method} {0x0000015f74232d68} 'stopDispatching' '()V' in 'java/awt/EventDispatchThread')}
  0x0000015f5effd9b0: 0749 ba60 | 2d23 745f | 0100 004c | 8954 2408 | 48c7 0424 | ffff ffff 

  0x0000015f5effd9c8: ;   {runtime_call C1 Runtime counter_overflow_blob}
  0x0000015f5effd9c8: e893 fd47 

  0x0000015f5effd9cc: ; ImmutableOopMap {r8=Oop }
                      ;*synchronization entry
                      ; - java.awt.EventDispatchThread::stopDispatching@-1 (line 85)
                      ; - java.awt.EventQueue::dispatchEventImpl@105 (line 733)
  0x0000015f5effd9cc: 07e9 d1f5 

  0x0000015f5effd9d0: ;   {internal_word}
  0x0000015f5effd9d0: ffff 49ba | cbcf ff5e | 5f01 0000 | 4d89 97e0 

  0x0000015f5effd9e0: ;   {runtime_call SafepointBlob}
  0x0000015f5effd9e0: 0400 00e9 | 7835 3b07 

  0x0000015f5effd9e8: ;   {metadata(nullptr)}
  0x0000015f5effd9e8: 48bb 0000 | 0000 0000 | 0000 b800 

  0x0000015f5effd9f4: ;   {runtime_call C1 Runtime load_klass_patching_blob}
  0x0000015f5effd9f4: 0f05 0ae8 

  0x0000015f5effd9f8: ; ImmutableOopMap {r9=Oop r8=Oop [168]=Oop }
                      ;*checkcast {reexecute=1 rethrow=0 return_oop=0}
                      ; - (reexecute) java.awt.EventQueue::dispatchEventImpl@77 (line 730)
  0x0000015f5effd9f8: e4ec 4707 | e97f f6ff | ff4c 890c 

  0x0000015f5effda04: ;   {runtime_call C1 Runtime throw_class_cast_exception_blob}
  0x0000015f5effda04: 24e8 d6c9 

  0x0000015f5effda08: ; ImmutableOopMap {r9=Oop r8=Oop [168]=Oop }
                      ;*checkcast {reexecute=0 rethrow=0 return_oop=0}
                      ; - java.awt.EventQueue::dispatchEventImpl@77 (line 730)
                      ;   {internal_word}
  0x0000015f5effda08: 4707 49ba | 05d1 ff5e | 5f01 0000 | 4d89 97e0 

  0x0000015f5effda18: ;   {runtime_call SafepointBlob}
  0x0000015f5effda18: 0400 00e9 | 4035 3b07 | 4c89 0c24 

  0x0000015f5effda24: ;   {runtime_call C1 Runtime throw_class_cast_exception_blob}
  0x0000015f5effda24: e8b7 c947 

  0x0000015f5effda28: ; ImmutableOopMap {r8=Oop [168]=Oop }
                      ;*checkcast {reexecute=0 rethrow=0 return_oop=0}
                      ; - java.awt.EventQueue::dispatchEventImpl@59 (line 728)
                      ;   {runtime_call C1 Runtime throw_null_pointer_exception_blob}
  0x0000015f5effda28: 07e8 b29e 

  0x0000015f5effda2c: ; ImmutableOopMap {r8=Oop rdx=Oop [168]=Oop }
                      ;*invokevirtual dispatchEvent {reexecute=0 rethrow=0 return_oop=0}
                      ; - java.awt.EventQueue::dispatchEventImpl@63 (line 728)
                      ;   {internal_word}
  0x0000015f5effda2c: 4707 49ba | 9dd2 ff5e | 5f01 0000 | 4d89 97e0 

  0x0000015f5effda3c: ;   {runtime_call SafepointBlob}
  0x0000015f5effda3c: 0400 00e9 | 1c35 3b07 | 4c89 0424 

  0x0000015f5effda48: ;   {runtime_call C1 Runtime throw_class_cast_exception_blob}
  0x0000015f5effda48: e893 c947 

  0x0000015f5effda4c: ; ImmutableOopMap {}
                      ;*checkcast {reexecute=0 rethrow=0 return_oop=0}
                      ; - java.awt.EventQueue::dispatchEventImpl@18 (line 723)
                      ;   {runtime_call C1 Runtime throw_null_pointer_exception_blob}
  0x0000015f5effda4c: 07e8 8e9e 

  0x0000015f5effda50: ; ImmutableOopMap {rdx=Oop }
                      ;*invokeinterface dispatch {reexecute=0 rethrow=0 return_oop=0}
                      ; - java.awt.EventQueue::dispatchEventImpl@21 (line 723)
                      ;   {internal_word}
  0x0000015f5effda50: 4707 49ba | 84d4 ff5e | 5f01 0000 | 4d89 97e0 

  0x0000015f5effda60: ;   {runtime_call SafepointBlob}
  0x0000015f5effda60: 0400 00e9 | f834 3b07 

  0x0000015f5effda68: ;   {metadata(nullptr)}
  0x0000015f5effda68: 48ba 0000 | 0000 0000 | 0000 b800 

  0x0000015f5effda74: ;   {runtime_call C1 Runtime load_klass_patching_blob}
  0x0000015f5effda74: 0f05 0ae8 

  0x0000015f5effda78: ; ImmutableOopMap {[168]=Oop }
                      ;*new {reexecute=1 rethrow=0 return_oop=0}
                      ; - (reexecute) java.lang.invoke.MethodHandles::lookup@8 (line 127)
                      ; - sun.awt.AWTAccessor::ensureClassInitialized@0 (line 1464)
                      ; - sun.awt.AWTAccessor::getInputEventAccessor@10 (line 963)
                      ; - java.awt.AWTEvent::dispatched@7 (line 571)
                      ; - java.awt.EventQueue::dispatchEventImpl@45 (line 726)
  0x0000015f5effda78: 64ec 4707 | e90f faff 

  0x0000015f5effda80: ;   {runtime_call C1 Runtime throw_null_pointer_exception_blob}
  0x0000015f5effda80: ffe8 5a9e 

  0x0000015f5effda84: ; ImmutableOopMap {[168]=Oop }
                      ;*new {reexecute=0 rethrow=0 return_oop=0}
                      ; - java.lang.invoke.MethodHandles::lookup@8 (line 127)
                      ; - sun.awt.AWTAccessor::ensureClassInitialized@0 (line 1464)
                      ; - sun.awt.AWTAccessor::getInputEventAccessor@10 (line 963)
                      ; - java.awt.AWTEvent::dispatched@7 (line 571)
                      ; - java.awt.EventQueue::dispatchEventImpl@45 (line 726)
  0x0000015f5effda84: 4707 488b 

  0x0000015f5effda88: ;   {runtime_call C1 Runtime fast_new_instance_init_check_blob}
  0x0000015f5effda88: d2e8 52b1 

  0x0000015f5effda8c: ; ImmutableOopMap {[168]=Oop }
                      ;*new {reexecute=0 rethrow=0 return_oop=0}
                      ; - java.lang.invoke.MethodHandles::lookup@8 (line 127)
                      ; - sun.awt.AWTAccessor::ensureClassInitialized@0 (line 1464)
                      ; - sun.awt.AWTAccessor::getInputEventAccessor@10 (line 963)
                      ; - java.awt.AWTEvent::dispatched@7 (line 571)
                      ; - java.awt.EventQueue::dispatchEventImpl@45 (line 726)
  0x0000015f5effda8c: 4707 e95e | faff ff4c 

  0x0000015f5effda94: ;   {runtime_call C1 Runtime throw_class_cast_exception_blob}
  0x0000015f5effda94: 8904 24e8 

  0x0000015f5effda98: ; ImmutableOopMap {rsi=Oop }
                      ;*checkcast {reexecute=0 rethrow=0 return_oop=0}
                      ; - java.awt.AWTEvent::dispatched@11 (line 571)
                      ; - java.awt.EventQueue::dispatchEventImpl@45 (line 726)
  0x0000015f5effda98: 44c9 4707 

  0x0000015f5effda9c: ;   {runtime_call C1 Runtime throw_incompatible_class_change_error_blob}
  0x0000015f5effda9c: e83f cc47 

  0x0000015f5effdaa0: ; ImmutableOopMap {rsi=Oop rdi=Oop }
                      ;*invokeinterface setCanAccessSystemClipboard {reexecute=0 rethrow=0 return_oop=0}
                      ; - java.awt.AWTEvent::dispatched@15 (line 572)
                      ; - java.awt.EventQueue::dispatchEventImpl@45 (line 726)
                      ;   {runtime_call C1 Runtime throw_null_pointer_exception_blob}
  0x0000015f5effdaa0: 07e8 3a9e 

  0x0000015f5effdaa4: ; ImmutableOopMap {rsi=Oop rdi=Oop }
                      ;*invokeinterface setCanAccessSystemClipboard {reexecute=0 rethrow=0 return_oop=0}
                      ; - java.awt.AWTEvent::dispatched@15 (line 572)
                      ; - java.awt.EventQueue::dispatchEventImpl@45 (line 726)
                      ;   {metadata({method} {0x0000015f740ef770} 'setCanAccessSystemClipboard' '(Ljava/awt/event/InputEvent;Z)V' in 'java/awt/event/InputEvent$1')}
  0x0000015f5effdaa4: 4707 49ba | 68f7 0e74 | 5f01 0000 | 4c89 5424 | 0848 c704 | 24ff ffff 

  0x0000015f5effdabc: ;   {runtime_call C1 Runtime counter_overflow_blob}
  0x0000015f5effdabc: ffe8 9efc 

  0x0000015f5effdac0: ; ImmutableOopMap {rdi=Oop }
                      ;*synchronization entry
                      ; - java.awt.event.InputEvent$1::setCanAccessSystemClipboard@-1 (line 338)
                      ; - java.awt.AWTEvent::dispatched@15 (line 572)
                      ; - java.awt.EventQueue::dispatchEventImpl@45 (line 726)
  0x0000015f5effdac0: 4707 e9ea 

  0x0000015f5effdac4: ;   {runtime_call C1 Runtime throw_null_pointer_exception_blob}
  0x0000015f5effdac4: fbff ffe8 

  0x0000015f5effdac8: ; ImmutableOopMap {}
                      ;*putfield canAccessSystemClipboard {reexecute=1 rethrow=0 return_oop=0}
                      ; - (reexecute) java.awt.event.InputEvent$1::setCanAccessSystemClipboard@2 (line 338)
                      ; - java.awt.AWTEvent::dispatched@15 (line 572)
                      ; - java.awt.EventQueue::dispatchEventImpl@45 (line 726)
  0x0000015f5effdac8: 149e 4707 

  0x0000015f5effdacc: ;   {internal_word}
  0x0000015f5effdacc: 49ba cdd6 | ff5e 5f01 | 0000 4d89 | 97e0 0400 

  0x0000015f5effdadc: ;   {runtime_call SafepointBlob}
  0x0000015f5effdadc: 00e9 7e34 | 3b07 498b | 8788 0500 | 0049 c787 | 8805 0000 | 0000 0000 | 49c7 8790 | 0500 0000 
  0x0000015f5effdafc: 0000 0048 | 81c4 d000 

  0x0000015f5effdb04: ;   {runtime_call C1 Runtime unwind_exception_blob}
  0x0000015f5effdb04: 0000 5de9 | 548b 4707 | f4f4 f4f4 
[Stub Code]
  0x0000015f5effdb10: ;   {other}
  0x0000015f5effdb10: 0f1f 4400 

  0x0000015f5effdb14: ;   {static_stub}
  0x0000015f5effdb14: 0048 bb00 | 0000 0000 

  0x0000015f5effdb1c: ;   {runtime_call nmethod}
  0x0000015f5effdb1c: 0000 00e9 | fbff ffff 

  0x0000015f5effdb24: ;   {static_stub}
  0x0000015f5effdb24: 9048 bb00 | 0000 0000 

  0x0000015f5effdb2c: ;   {runtime_call nmethod}
  0x0000015f5effdb2c: 0000 00e9 | fbff ffff 

  0x0000015f5effdb34: ;   {static_stub}
  0x0000015f5effdb34: 9048 bb00 | 0000 0000 

  0x0000015f5effdb3c: ;   {runtime_call nmethod}
  0x0000015f5effdb3c: 0000 00e9 | fbff ffff 

  0x0000015f5effdb44: ;   {static_stub}
  0x0000015f5effdb44: 9048 bb00 | 0000 0000 

  0x0000015f5effdb4c: ;   {runtime_call nmethod}
  0x0000015f5effdb4c: 0000 00e9 | fbff ffff 

  0x0000015f5effdb54: ;   {static_stub}
  0x0000015f5effdb54: 9048 bb00 | 0000 0000 

  0x0000015f5effdb5c: ;   {runtime_call nmethod}
  0x0000015f5effdb5c: 0000 00e9 | fbff ffff 

  0x0000015f5effdb64: ;   {static_stub}
  0x0000015f5effdb64: 9048 bb00 | 0000 0000 

  0x0000015f5effdb6c: ;   {runtime_call nmethod}
  0x0000015f5effdb6c: 0000 00e9 | fbff ffff 

  0x0000015f5effdb74: ;   {static_stub}
  0x0000015f5effdb74: 9048 bb00 | 0000 0000 

  0x0000015f5effdb7c: ;   {runtime_call nmethod}
  0x0000015f5effdb7c: 0000 00e9 | fbff ffff 

  0x0000015f5effdb84: ;   {static_stub}
  0x0000015f5effdb84: 9048 bb00 | 0000 0000 

  0x0000015f5effdb8c: ;   {runtime_call nmethod}
  0x0000015f5effdb8c: 0000 00e9 | fbff ffff 

  0x0000015f5effdb94: ;   {static_stub}
  0x0000015f5effdb94: 9048 bb00 | 0000 0000 

  0x0000015f5effdb9c: ;   {runtime_call nmethod}
  0x0000015f5effdb9c: 0000 00e9 | fbff ffff 

  0x0000015f5effdba4: ;   {static_stub}
  0x0000015f5effdba4: 48bb 0000 | 0000 0000 

  0x0000015f5effdbac: ;   {runtime_call nmethod}
  0x0000015f5effdbac: 0000 e9fb 

  0x0000015f5effdbb0: ;   {static_stub}
  0x0000015f5effdbb0: ffff ff48 | bb00 0000 | 0000 0000 

  0x0000015f5effdbbc: ;   {runtime_call nmethod}
  0x0000015f5effdbbc: 00e9 fbff 

  0x0000015f5effdbc0: ;   {static_stub}
  0x0000015f5effdbc0: ffff 48bb | 0000 0000 | 0000 0000 

  0x0000015f5effdbcc: ;   {runtime_call nmethod}
  0x0000015f5effdbcc: e9fb ffff 

  0x0000015f5effdbd0: ;   {static_stub}
  0x0000015f5effdbd0: ff48 bb00 | 0000 0000 

  0x0000015f5effdbd8: ;   {runtime_call nmethod}
  0x0000015f5effdbd8: 0000 00e9 | fbff ffff 

  0x0000015f5effdbe0: ;   {static_stub}
  0x0000015f5effdbe0: 48bb 0000 | 0000 0000 

  0x0000015f5effdbe8: ;   {runtime_call nmethod}
  0x0000015f5effdbe8: 0000 e9fb 

  0x0000015f5effdbec: ;   {runtime_call C1 Runtime handle_exception_from_callee_blob}
  0x0000015f5effdbec: ffff ffe8 | ecc1 4707 

  0x0000015f5effdbf4: ;   {external_word}
  0x0000015f5effdbf4: 48b9 4808 | 5f3e fa7f | 0000 4883 

  0x0000015f5effdc00: ;   {runtime_call}
  0x0000015f5effdc00: e4f0 48b8 | 008d 223e | fa7f 0000 

  0x0000015f5effdc0c: ;   {section_word}
  0x0000015f5effdc0c: ffd0 f449 | ba0f dcff | 5e5f 0100 

  0x0000015f5effdc18: ;   {runtime_call DeoptimizationBlob}
  0x0000015f5effdc18: 0041 52e9 | 4036 3b07 
[/MachCode]


---------------  P R O C E S S  ---------------

Threads class SMR info:
_java_thread_list=0x0000015f7855ac50, length=16, elements={
0x0000015f732a67b0, 0x0000015f732a7210, 0x0000015f732a9dc0, 0x0000015f732aa580,
0x0000015f732b4da0, 0x0000015f732b5690, 0x0000015f732bd2c0, 0x0000015f732d1af0,
0x0000015f7333e0b0, 0x0000015f7339f910, 0x0000015f73720e50, 0x0000015f7825bf10,
0x0000015f7825d6e0, 0x0000015f7826a060, 0x0000015f541f7cc0, 0x0000015f780c7750
}

Java Threads: ( => current thread )
  0x0000015f732a67b0 JavaThread "Reference Handler"          daemon [_thread_blocked, id=9036, stack(0x0000004f69100000,0x0000004f69200000) (1024K)]
  0x0000015f732a7210 JavaThread "Finalizer"                  daemon [_thread_blocked, id=16740, stack(0x0000004f69200000,0x0000004f69300000) (1024K)]
  0x0000015f732a9dc0 JavaThread "Signal Dispatcher"          daemon [_thread_blocked, id=2264, stack(0x0000004f69300000,0x0000004f69400000) (1024K)]
  0x0000015f732aa580 JavaThread "Attach Listener"            daemon [_thread_blocked, id=8760, stack(0x0000004f69400000,0x0000004f69500000) (1024K)]
  0x0000015f732b4da0 JavaThread "Service Thread"             daemon [_thread_blocked, id=2276, stack(0x0000004f69500000,0x0000004f69600000) (1024K)]
  0x0000015f732b5690 JavaThread "Monitor Deflation Thread"   daemon [_thread_blocked, id=15104, stack(0x0000004f69600000,0x0000004f69700000) (1024K)]
  0x0000015f732bd2c0 JavaThread "C2 CompilerThread0"         daemon [_thread_blocked, id=16416, stack(0x0000004f69700000,0x0000004f69800000) (1024K)]
  0x0000015f732d1af0 JavaThread "C1 CompilerThread0"         daemon [_thread_blocked, id=3840, stack(0x0000004f69800000,0x0000004f69900000) (1024K)]
  0x0000015f7333e0b0 JavaThread "Notification Thread"        daemon [_thread_blocked, id=15700, stack(0x0000004f69900000,0x0000004f69a00000) (1024K)]
  0x0000015f7339f910 JavaThread "Common-Cleaner"             daemon [_thread_blocked, id=12040, stack(0x0000004f69a00000,0x0000004f69b00000) (1024K)]
  0x0000015f73720e50 JavaThread "Java2D Disposer"            daemon [_thread_blocked, id=5260, stack(0x0000004f69b00000,0x0000004f69c00000) (1024K)]
  0x0000015f7825bf10 JavaThread "AWT-Shutdown"                      [_thread_blocked, id=15316, stack(0x0000004f69c00000,0x0000004f69d00000) (1024K)]
  0x0000015f7825d6e0 JavaThread "AWT-Windows"                daemon [_thread_in_native, id=4876, stack(0x0000004f69d00000,0x0000004f69e00000) (1024K)]
=>0x0000015f7826a060 JavaThread "AWT-EventQueue-0"                  [_thread_in_native, id=840, stack(0x0000004f69e00000,0x0000004f69f00000) (1024K)]
  0x0000015f541f7cc0 JavaThread "DestroyJavaVM"                     [_thread_blocked, id=1768, stack(0x0000004f68900000,0x0000004f68a00000) (1024K)]
  0x0000015f780c7750 JavaThread "TimerQueue"                 daemon [_thread_blocked, id=15852, stack(0x0000004f6a000000,0x0000004f6a100000) (1024K)]
Total: 16

Other Threads:
  0x0000015f732927f0 VMThread "VM Thread"                           [id=15768, stack(0x0000004f69000000,0x0000004f69100000) (1024K)]
  0x0000015f73286290 WatcherThread "VM Periodic Task Thread"        [id=5180, stack(0x0000004f68f00000,0x0000004f69000000) (1024K)]
  0x0000015f56606150 WorkerThread "GC Thread#0"                     [id=2468, stack(0x0000004f68a00000,0x0000004f68b00000) (1024K)]
  0x0000015f736306a0 WorkerThread "GC Thread#1"                     [id=16676, stack(0x0000004f68600000,0x0000004f68700000) (1024K)]
  0x0000015f73632080 WorkerThread "GC Thread#2"                     [id=4912, stack(0x0000004f68700000,0x0000004f68800000) (1024K)]
  0x0000015f736331c0 WorkerThread "GC Thread#3"                     [id=9932, stack(0x0000004f68800000,0x0000004f68900000) (1024K)]
  0x0000015f73633610 WorkerThread "GC Thread#4"                     [id=4536, stack(0x0000004f69f00000,0x0000004f6a000000) (1024K)]
  0x0000015f73631390 WorkerThread "GC Thread#5"                     [id=9400, stack(0x0000004f6a100000,0x0000004f6a200000) (1024K)]
  0x0000015f5661ecc0 ConcurrentGCThread "G1 Main Marker"            [id=8060, stack(0x0000004f68b00000,0x0000004f68c00000) (1024K)]
  0x0000015f566229c0 WorkerThread "G1 Conc#0"                       [id=9212, stack(0x0000004f68c00000,0x0000004f68d00000) (1024K)]
  0x0000015f73151ff0 ConcurrentGCThread "G1 Refine#0"               [id=15220, stack(0x0000004f68d00000,0x0000004f68e00000) (1024K)]
  0x0000015f731544c0 ConcurrentGCThread "G1 Service"                [id=8136, stack(0x0000004f68e00000,0x0000004f68f00000) (1024K)]
Total: 12

Threads with active compile tasks:
Total: 0

VM state: not at safepoint (normal execution)

VM Mutex/Monitor currently owned by a thread: None

Heap address: 0x0000000082000000, size: 2016 MB, Compressed Oops mode: 32-bit

CDS archive(s) mapped at: [0x0000000005000000-0x0000000005dd0000-0x0000000005dd0000), size 14483456, SharedBaseAddress: 0x0000000005000000, ArchiveRelocationMode: 1.
Compressed class space mapped at: 0x0000000006000000-0x0000000046000000, reserved size: 1073741824
UseCompressedClassPointers 1, UseCompactObjectHeaders 0
Narrow klass pointer bits 32, Max shift 3
Narrow klass base: 0x0000000005000000, Narrow klass shift: 0
Encoding Range: [0x0000000005000000 - 0x0000000105000000), (4294967296 bytes)
Klass Range:    [0x0000000005010000 - 0x0000000046000000), (1090453504 bytes)
Klass ID Range:  [65536 - 1090519033) (1090453497)
Protection zone: [0x0000000005000000 - 0x0000000005010000), (65536 bytes)

GC Precious Log:
 CardTable entry size: 512
 Card Set container configuration: InlinePtr #cards 5 size 8 Array Of Cards #cards 10 size 36 Howl #buckets 4 coarsen threshold 1843 Howl Bitmap #cards 512 size 80 coarsen threshold 460 Card regions per heap region 1 cards per card region 2048
 CPUs: 8 total, 8 available
 Memory: 8062M
 Large Page Support: Disabled
 NUMA Support: Disabled
 Compressed Oops: Enabled (32-bit)
 Heap Region Size: 1M
 Heap Min Capacity: 8M
 Heap Initial Capacity: 126M
 Heap Max Capacity: 2016M
 Pre-touch: Disabled
 Parallel Workers: 8
 Concurrent Workers: 2
 Concurrent Refinement Workers: 8
 Periodic GC: Disabled

Heap:
 garbage-first heap   total reserved 2064384K, committed 131072K, used 45968K [0x0000000082000000, 0x0000000100000000)
  region size 1024K, 5 young (5120K), 2 survivors (2048K)

Heap Regions: E=young(eden), S=young(survivor), O=old, HS=humongous(starts), HC=humongous(continues), CS=collection set, F=free, TAMS=top-at-mark-start, PB=parsable bottom
|   0|0x0000000082000000, 0x0000000082100000, 0x0000000082100000|100%|HS|  |TAMS 0x0000000082000000| PB 0x0000000082000000| Complete |  0
|   1|0x0000000082100000, 0x0000000082200000, 0x0000000082200000|100%|HC|  |TAMS 0x0000000082100000| PB 0x0000000082100000| Complete |  0
|   2|0x0000000082200000, 0x0000000082300000, 0x0000000082300000|100%|HC|  |TAMS 0x0000000082200000| PB 0x0000000082200000| Complete |  0
|   3|0x0000000082300000, 0x0000000082400000, 0x0000000082400000|100%|HC|  |TAMS 0x0000000082300000| PB 0x0000000082300000| Complete |  0
|   4|0x0000000082400000, 0x0000000082500000, 0x0000000082500000|100%|HS|  |TAMS 0x0000000082400000| PB 0x0000000082400000| Complete |  0
|   5|0x0000000082500000, 0x0000000082600000, 0x0000000082600000|100%|HC|  |TAMS 0x0000000082500000| PB 0x0000000082500000| Complete |  0
|   6|0x0000000082600000, 0x0000000082700000, 0x0000000082700000|100%|HC|  |TAMS 0x0000000082600000| PB 0x0000000082600000| Complete |  0
|   7|0x0000000082700000, 0x0000000082800000, 0x0000000082800000|100%|HC|  |TAMS 0x0000000082700000| PB 0x0000000082700000| Complete |  0
|   8|0x0000000082800000, 0x0000000082900000, 0x0000000082900000|100%|HS|  |TAMS 0x0000000082800000| PB 0x0000000082800000| Complete |  0
|   9|0x0000000082900000, 0x0000000082a00000, 0x0000000082a00000|100%|HC|  |TAMS 0x0000000082900000| PB 0x0000000082900000| Complete |  0
|  10|0x0000000082a00000, 0x0000000082b00000, 0x0000000082b00000|100%|HC|  |TAMS 0x0000000082a00000| PB 0x0000000082a00000| Complete |  0
|  11|0x0000000082b00000, 0x0000000082c00000, 0x0000000082c00000|100%|HC|  |TAMS 0x0000000082b00000| PB 0x0000000082b00000| Complete |  0
|  12|0x0000000082c00000, 0x0000000082d00000, 0x0000000082d00000|100%|HS|  |TAMS 0x0000000082c00000| PB 0x0000000082c00000| Complete |  0
|  13|0x0000000082d00000, 0x0000000082e00000, 0x0000000082e00000|100%|HC|  |TAMS 0x0000000082d00000| PB 0x0000000082d00000| Complete |  0
|  14|0x0000000082e00000, 0x0000000082f00000, 0x0000000082f00000|100%|HC|  |TAMS 0x0000000082e00000| PB 0x0000000082e00000| Complete |  0
|  15|0x0000000082f00000, 0x0000000083000000, 0x0000000083000000|100%|HC|  |TAMS 0x0000000082f00000| PB 0x0000000082f00000| Complete |  0
|  16|0x0000000083000000, 0x0000000083100000, 0x0000000083100000|100%|HS|  |TAMS 0x0000000083000000| PB 0x0000000083000000| Complete |  0
|  17|0x0000000083100000, 0x0000000083200000, 0x0000000083200000|100%|HC|  |TAMS 0x0000000083100000| PB 0x0000000083100000| Complete |  0
|  18|0x0000000083200000, 0x0000000083300000, 0x0000000083300000|100%|HC|  |TAMS 0x0000000083200000| PB 0x0000000083200000| Complete |  0
|  19|0x0000000083300000, 0x0000000083400000, 0x0000000083400000|100%|HC|  |TAMS 0x0000000083300000| PB 0x0000000083300000| Complete |  0
|  20|0x0000000083400000, 0x0000000083500000, 0x0000000083500000|100%|HS|  |TAMS 0x0000000083400000| PB 0x0000000083400000| Complete |  0
|  21|0x0000000083500000, 0x0000000083600000, 0x0000000083600000|100%|HC|  |TAMS 0x0000000083500000| PB 0x0000000083500000| Complete |  0
|  22|0x0000000083600000, 0x0000000083700000, 0x0000000083700000|100%|HC|  |TAMS 0x0000000083600000| PB 0x0000000083600000| Complete |  0
|  23|0x0000000083700000, 0x0000000083800000, 0x0000000083800000|100%|HC|  |TAMS 0x0000000083700000| PB 0x0000000083700000| Complete |  0
|  24|0x0000000083800000, 0x0000000083900000, 0x0000000083900000|100%|HS|  |TAMS 0x0000000083800000| PB 0x0000000083800000| Complete |  0
|  25|0x0000000083900000, 0x0000000083a00000, 0x0000000083a00000|100%|HC|  |TAMS 0x0000000083900000| PB 0x0000000083900000| Complete |  0
|  26|0x0000000083a00000, 0x0000000083b00000, 0x0000000083b00000|100%|HC|  |TAMS 0x0000000083a00000| PB 0x0000000083a00000| Complete |  0
|  27|0x0000000083b00000, 0x0000000083c00000, 0x0000000083c00000|100%|HC|  |TAMS 0x0000000083b00000| PB 0x0000000083b00000| Complete |  0
|  28|0x0000000083c00000, 0x0000000083d00000, 0x0000000083d00000|100%|HS|  |TAMS 0x0000000083c00000| PB 0x0000000083c00000| Complete |  0
|  29|0x0000000083d00000, 0x0000000083e00000, 0x0000000083e00000|100%|HC|  |TAMS 0x0000000083d00000| PB 0x0000000083d00000| Complete |  0
|  30|0x0000000083e00000, 0x0000000083f00000, 0x0000000083f00000|100%|HC|  |TAMS 0x0000000083e00000| PB 0x0000000083e00000| Complete |  0
|  31|0x0000000083f00000, 0x0000000084000000, 0x0000000084000000|100%|HC|  |TAMS 0x0000000083f00000| PB 0x0000000083f00000| Complete |  0
|  32|0x0000000084000000, 0x0000000084100000, 0x0000000084100000|100%|HS|  |TAMS 0x0000000084000000| PB 0x0000000084000000| Complete |  0
|  33|0x0000000084100000, 0x0000000084200000, 0x0000000084200000|100%|HC|  |TAMS 0x0000000084100000| PB 0x0000000084100000| Complete |  0
|  34|0x0000000084200000, 0x0000000084300000, 0x0000000084300000|100%|HC|  |TAMS 0x0000000084200000| PB 0x0000000084200000| Complete |  0
|  35|0x0000000084300000, 0x0000000084400000, 0x0000000084400000|100%|HC|  |TAMS 0x0000000084300000| PB 0x0000000084300000| Complete |  0
|  36|0x0000000084400000, 0x0000000084400000, 0x0000000084500000|  0%| F|  |TAMS 0x0000000084400000| PB 0x0000000084400000| Untracked |  0
|  37|0x0000000084500000, 0x0000000084500000, 0x0000000084600000|  0%| F|  |TAMS 0x0000000084500000| PB 0x0000000084500000| Untracked |  0
|  38|0x0000000084600000, 0x0000000084600000, 0x0000000084700000|  0%| F|  |TAMS 0x0000000084600000| PB 0x0000000084600000| Untracked |  0
|  39|0x0000000084700000, 0x0000000084700000, 0x0000000084800000|  0%| F|  |TAMS 0x0000000084700000| PB 0x0000000084700000| Untracked |  0
|  40|0x0000000084800000, 0x0000000084800000, 0x0000000084900000|  0%| F|  |TAMS 0x0000000084800000| PB 0x0000000084800000| Untracked |  0
|  41|0x0000000084900000, 0x0000000084900000, 0x0000000084a00000|  0%| F|  |TAMS 0x0000000084900000| PB 0x0000000084900000| Untracked |  0
|  42|0x0000000084a00000, 0x0000000084a00000, 0x0000000084b00000|  0%| F|  |TAMS 0x0000000084a00000| PB 0x0000000084a00000| Untracked |  0
|  43|0x0000000084b00000, 0x0000000084b00000, 0x0000000084c00000|  0%| F|  |TAMS 0x0000000084b00000| PB 0x0000000084b00000| Untracked |  0
|  44|0x0000000084c00000, 0x0000000084c00000, 0x0000000084d00000|  0%| F|  |TAMS 0x0000000084c00000| PB 0x0000000084c00000| Untracked |  0
|  45|0x0000000084d00000, 0x0000000084d00000, 0x0000000084e00000|  0%| F|  |TAMS 0x0000000084d00000| PB 0x0000000084d00000| Untracked |  0
|  46|0x0000000084e00000, 0x0000000084e00000, 0x0000000084f00000|  0%| F|  |TAMS 0x0000000084e00000| PB 0x0000000084e00000| Untracked |  0
|  47|0x0000000084f00000, 0x0000000084f00000, 0x0000000085000000|  0%| F|  |TAMS 0x0000000084f00000| PB 0x0000000084f00000| Untracked |  0
|  48|0x0000000085000000, 0x0000000085000000, 0x0000000085100000|  0%| F|  |TAMS 0x0000000085000000| PB 0x0000000085000000| Untracked |  0
|  49|0x0000000085100000, 0x0000000085100000, 0x0000000085200000|  0%| F|  |TAMS 0x0000000085100000| PB 0x0000000085100000| Untracked |  0
|  50|0x0000000085200000, 0x0000000085200000, 0x0000000085300000|  0%| F|  |TAMS 0x0000000085200000| PB 0x0000000085200000| Untracked |  0
|  51|0x0000000085300000, 0x0000000085300000, 0x0000000085400000|  0%| F|  |TAMS 0x0000000085300000| PB 0x0000000085300000| Untracked |  0
|  52|0x0000000085400000, 0x0000000085500000, 0x0000000085500000|100%|HS|  |TAMS 0x0000000085400000| PB 0x0000000085400000| Complete |  0
|  53|0x0000000085500000, 0x0000000085600000, 0x0000000085600000|100%|HC|  |TAMS 0x0000000085500000| PB 0x0000000085500000| Complete |  0
|  54|0x0000000085600000, 0x0000000085700000, 0x0000000085700000|100%|HC|  |TAMS 0x0000000085600000| PB 0x0000000085600000| Complete |  0
|  55|0x0000000085700000, 0x0000000085800000, 0x0000000085800000|100%|HC|  |TAMS 0x0000000085700000| PB 0x0000000085700000| Complete |  0
|  56|0x0000000085800000, 0x0000000085800000, 0x0000000085900000|  0%| F|  |TAMS 0x0000000085800000| PB 0x0000000085800000| Untracked |  0
|  57|0x0000000085900000, 0x0000000085900000, 0x0000000085a00000|  0%| F|  |TAMS 0x0000000085900000| PB 0x0000000085900000| Untracked |  0
|  58|0x0000000085a00000, 0x0000000085a00000, 0x0000000085b00000|  0%| F|  |TAMS 0x0000000085a00000| PB 0x0000000085a00000| Untracked |  0
|  59|0x0000000085b00000, 0x0000000085b00000, 0x0000000085c00000|  0%| F|  |TAMS 0x0000000085b00000| PB 0x0000000085b00000| Untracked |  0
|  60|0x0000000085c00000, 0x0000000085c00000, 0x0000000085d00000|  0%| F|  |TAMS 0x0000000085c00000| PB 0x0000000085c00000| Untracked |  0
|  61|0x0000000085d00000, 0x0000000085d00000, 0x0000000085e00000|  0%| F|  |TAMS 0x0000000085d00000| PB 0x0000000085d00000| Untracked |  0
|  62|0x0000000085e00000, 0x0000000085e00000, 0x0000000085f00000|  0%| F|  |TAMS 0x0000000085e00000| PB 0x0000000085e00000| Untracked |  0
|  63|0x0000000085f00000, 0x0000000085f00000, 0x0000000086000000|  0%| F|  |TAMS 0x0000000085f00000| PB 0x0000000085f00000| Untracked |  0
|  64|0x0000000086000000, 0x0000000086000000, 0x0000000086100000|  0%| F|  |TAMS 0x0000000086000000| PB 0x0000000086000000| Untracked |  0
|  65|0x0000000086100000, 0x0000000086100000, 0x0000000086200000|  0%| F|  |TAMS 0x0000000086100000| PB 0x0000000086100000| Untracked |  0
|  66|0x0000000086200000, 0x0000000086200000, 0x0000000086300000|  0%| F|  |TAMS 0x0000000086200000| PB 0x0000000086200000| Untracked |  0
|  67|0x0000000086300000, 0x0000000086300000, 0x0000000086400000|  0%| F|  |TAMS 0x0000000086300000| PB 0x0000000086300000| Untracked |  0
|  68|0x0000000086400000, 0x0000000086400000, 0x0000000086500000|  0%| F|  |TAMS 0x0000000086400000| PB 0x0000000086400000| Untracked |  0
|  69|0x0000000086500000, 0x0000000086500000, 0x0000000086600000|  0%| F|  |TAMS 0x0000000086500000| PB 0x0000000086500000| Untracked |  0
|  70|0x0000000086600000, 0x0000000086600000, 0x0000000086700000|  0%| F|  |TAMS 0x0000000086600000| PB 0x0000000086600000| Untracked |  0
|  71|0x0000000086700000, 0x0000000086700000, 0x0000000086800000|  0%| F|  |TAMS 0x0000000086700000| PB 0x0000000086700000| Untracked |  0
|  72|0x0000000086800000, 0x0000000086800000, 0x0000000086900000|  0%| F|  |TAMS 0x0000000086800000| PB 0x0000000086800000| Untracked |  0
|  73|0x0000000086900000, 0x0000000086900000, 0x0000000086a00000|  0%| F|  |TAMS 0x0000000086900000| PB 0x0000000086900000| Untracked |  0
|  74|0x0000000086a00000, 0x0000000086a00000, 0x0000000086b00000|  0%| F|  |TAMS 0x0000000086a00000| PB 0x0000000086a00000| Untracked |  0
|  75|0x0000000086b00000, 0x0000000086b00000, 0x0000000086c00000|  0%| F|  |TAMS 0x0000000086b00000| PB 0x0000000086b00000| Untracked |  0
|  76|0x0000000086c00000, 0x0000000086c00000, 0x0000000086d00000|  0%| F|  |TAMS 0x0000000086c00000| PB 0x0000000086c00000| Untracked |  0
|  77|0x0000000086d00000, 0x0000000086d00000, 0x0000000086e00000|  0%| F|  |TAMS 0x0000000086d00000| PB 0x0000000086d00000| Untracked |  0
|  78|0x0000000086e00000, 0x0000000086e00000, 0x0000000086f00000|  0%| F|  |TAMS 0x0000000086e00000| PB 0x0000000086e00000| Untracked |  0
|  79|0x0000000086f00000, 0x0000000086f00000, 0x0000000087000000|  0%| F|  |TAMS 0x0000000086f00000| PB 0x0000000086f00000| Untracked |  0
|  80|0x0000000087000000, 0x0000000087000000, 0x0000000087100000|  0%| F|  |TAMS 0x0000000087000000| PB 0x0000000087000000| Untracked |  0
|  81|0x0000000087100000, 0x0000000087100000, 0x0000000087200000|  0%| F|  |TAMS 0x0000000087100000| PB 0x0000000087100000| Untracked |  0
|  82|0x0000000087200000, 0x0000000087200000, 0x0000000087300000|  0%| F|  |TAMS 0x0000000087200000| PB 0x0000000087200000| Untracked |  0
|  83|0x0000000087300000, 0x0000000087300000, 0x0000000087400000|  0%| F|  |TAMS 0x0000000087300000| PB 0x0000000087300000| Untracked |  0
|  84|0x0000000087400000, 0x0000000087400000, 0x0000000087500000|  0%| F|  |TAMS 0x0000000087400000| PB 0x0000000087400000| Untracked |  0
|  85|0x0000000087500000, 0x0000000087500000, 0x0000000087600000|  0%| F|  |TAMS 0x0000000087500000| PB 0x0000000087500000| Untracked |  0
|  86|0x0000000087600000, 0x0000000087600000, 0x0000000087700000|  0%| F|  |TAMS 0x0000000087600000| PB 0x0000000087600000| Untracked |  0
|  87|0x0000000087700000, 0x0000000087700000, 0x0000000087800000|  0%| F|  |TAMS 0x0000000087700000| PB 0x0000000087700000| Untracked |  0
|  88|0x0000000087800000, 0x0000000087800000, 0x0000000087900000|  0%| F|  |TAMS 0x0000000087800000| PB 0x0000000087800000| Untracked |  0
|  89|0x0000000087900000, 0x0000000087900000, 0x0000000087a00000|  0%| F|  |TAMS 0x0000000087900000| PB 0x0000000087900000| Untracked |  0
|  90|0x0000000087a00000, 0x0000000087a00000, 0x0000000087b00000|  0%| F|  |TAMS 0x0000000087a00000| PB 0x0000000087a00000| Untracked |  0
|  91|0x0000000087b00000, 0x0000000087b00000, 0x0000000087c00000|  0%| F|  |TAMS 0x0000000087b00000| PB 0x0000000087b00000| Untracked |  0
|  92|0x0000000087c00000, 0x0000000087c00000, 0x0000000087d00000|  0%| F|  |TAMS 0x0000000087c00000| PB 0x0000000087c00000| Untracked |  0
|  93|0x0000000087d00000, 0x0000000087d00000, 0x0000000087e00000|  0%| F|  |TAMS 0x0000000087d00000| PB 0x0000000087d00000| Untracked |  0
|  94|0x0000000087e00000, 0x0000000087e00000, 0x0000000087f00000|  0%| F|  |TAMS 0x0000000087e00000| PB 0x0000000087e00000| Untracked |  0
|  95|0x0000000087f00000, 0x0000000087f00000, 0x0000000088000000|  0%| F|  |TAMS 0x0000000087f00000| PB 0x0000000087f00000| Untracked |  0
|  96|0x0000000088000000, 0x0000000088000000, 0x0000000088100000|  0%| F|  |TAMS 0x0000000088000000| PB 0x0000000088000000| Untracked |  0
|  97|0x0000000088100000, 0x0000000088100000, 0x0000000088200000|  0%| F|  |TAMS 0x0000000088100000| PB 0x0000000088100000| Untracked |  0
|  98|0x0000000088200000, 0x0000000088200000, 0x0000000088300000|  0%| F|  |TAMS 0x0000000088200000| PB 0x0000000088200000| Untracked |  0
|  99|0x0000000088300000, 0x0000000088300000, 0x0000000088400000|  0%| F|  |TAMS 0x0000000088300000| PB 0x0000000088300000| Untracked |  0
| 100|0x0000000088400000, 0x0000000088400000, 0x0000000088500000|  0%| F|  |TAMS 0x0000000088400000| PB 0x0000000088400000| Untracked |  0
| 101|0x0000000088500000, 0x0000000088500000, 0x0000000088600000|  0%| F|  |TAMS 0x0000000088500000| PB 0x0000000088500000| Untracked |  0
| 102|0x0000000088600000, 0x0000000088600000, 0x0000000088700000|  0%| F|  |TAMS 0x0000000088600000| PB 0x0000000088600000| Untracked |  0
| 103|0x0000000088700000, 0x0000000088700000, 0x0000000088800000|  0%| F|  |TAMS 0x0000000088700000| PB 0x0000000088700000| Untracked |  0
| 104|0x0000000088800000, 0x0000000088800000, 0x0000000088900000|  0%| F|  |TAMS 0x0000000088800000| PB 0x0000000088800000| Untracked |  0
| 105|0x0000000088900000, 0x0000000088900000, 0x0000000088a00000|  0%| F|  |TAMS 0x0000000088900000| PB 0x0000000088900000| Untracked |  0
| 106|0x0000000088a00000, 0x0000000088a00000, 0x0000000088b00000|  0%| F|  |TAMS 0x0000000088a00000| PB 0x0000000088a00000| Untracked |  0
| 107|0x0000000088b00000, 0x0000000088b00000, 0x0000000088c00000|  0%| F|  |TAMS 0x0000000088b00000| PB 0x0000000088b00000| Untracked |  0
| 108|0x0000000088c00000, 0x0000000088c00000, 0x0000000088d00000|  0%| F|  |TAMS 0x0000000088c00000| PB 0x0000000088c00000| Untracked |  0
| 109|0x0000000088d00000, 0x0000000088d00000, 0x0000000088e00000|  0%| F|  |TAMS 0x0000000088d00000| PB 0x0000000088d00000| Untracked |  0
| 110|0x0000000088e00000, 0x0000000088e00000, 0x0000000088f00000|  0%| F|  |TAMS 0x0000000088e00000| PB 0x0000000088e00000| Untracked |  0
| 111|0x0000000088f00000, 0x0000000088f00000, 0x0000000089000000|  0%| F|  |TAMS 0x0000000088f00000| PB 0x0000000088f00000| Untracked |  0
| 112|0x0000000089000000, 0x0000000089000000, 0x0000000089100000|  0%| F|  |TAMS 0x0000000089000000| PB 0x0000000089000000| Untracked |  0
| 113|0x0000000089100000, 0x0000000089100000, 0x0000000089200000|  0%| F|  |TAMS 0x0000000089100000| PB 0x0000000089100000| Untracked |  0
| 114|0x0000000089200000, 0x0000000089200000, 0x0000000089300000|  0%| F|  |TAMS 0x0000000089200000| PB 0x0000000089200000| Untracked |  0
| 115|0x0000000089300000, 0x0000000089300000, 0x0000000089400000|  0%| F|  |TAMS 0x0000000089300000| PB 0x0000000089300000| Untracked |  0
| 116|0x0000000089400000, 0x0000000089400000, 0x0000000089500000|  0%| F|  |TAMS 0x0000000089400000| PB 0x0000000089400000| Untracked |  0
| 117|0x0000000089500000, 0x0000000089500000, 0x0000000089600000|  0%| F|  |TAMS 0x0000000089500000| PB 0x0000000089500000| Untracked |  0
| 118|0x0000000089600000, 0x0000000089600000, 0x0000000089700000|  0%| F|  |TAMS 0x0000000089600000| PB 0x0000000089600000| Untracked |  0
| 119|0x0000000089700000, 0x0000000089700000, 0x0000000089800000|  0%| F|  |TAMS 0x0000000089700000| PB 0x0000000089700000| Untracked |  0
| 120|0x0000000089800000, 0x0000000089800000, 0x0000000089900000|  0%| F|  |TAMS 0x0000000089800000| PB 0x0000000089800000| Untracked |  0
| 121|0x0000000089900000, 0x00000000899a8e78, 0x0000000089a00000| 65%| E|  |TAMS 0x0000000089900000| PB 0x0000000089900000| Complete |  0
| 122|0x0000000089a00000, 0x0000000089abebc0, 0x0000000089b00000| 74%| S|CS|TAMS 0x0000000089a00000| PB 0x0000000089a00000| Complete |  0
| 123|0x0000000089b00000, 0x0000000089c00000, 0x0000000089c00000|100%| S|CS|TAMS 0x0000000089b00000| PB 0x0000000089b00000| Complete |  0
| 124|0x0000000089c00000, 0x0000000089d00000, 0x0000000089d00000|100%| E|CS|TAMS 0x0000000089c00000| PB 0x0000000089c00000| Complete |  0
| 125|0x0000000089d00000, 0x0000000089e00000, 0x0000000089e00000|100%| E|CS|TAMS 0x0000000089d00000| PB 0x0000000089d00000| Complete |  0
|2014|0x00000000ffe00000, 0x00000000fff00000, 0x00000000fff00000|100%| O|  |TAMS 0x00000000ffe00000| PB 0x00000000ffe00000| Untracked |  0
|2015|0x00000000fff00000, 0x00000000fff256a0, 0x0000000100000000| 14%| O|  |TAMS 0x00000000fff00000| PB 0x00000000fff00000| Untracked |  0

Card table byte_map: [0x0000015f6e550000,0x0000015f6e940000] _byte_map_base: 0x0000015f6e140000

Marking Bits: (CMBitMap*) 0x0000015f566068e0
 Bits: [0x0000015f6e940000, 0x0000015f708c0000)

Polling page: 0x0000015f55d80000

Metaspace:
Metaspace        used 9729K, committed 9920K, reserved 1114112K
 class space     used 811K, committed 896K, reserved 1048576K

Usage:
  Non-class:      8.71 MB used.
      Class:    811.10 KB used.
       Both:      9.50 MB used.

Virtual space:
  Non-class space:       64.00 MB reserved,       8.81 MB ( 14%) committed,  1 nodes.
      Class space:        1.00 GB reserved,     896.00 KB ( <1%) committed,  1 nodes.
             Both:        1.06 GB reserved,       9.69 MB ( <1%) committed. 

Chunk freelists:
   Non-Class:  6.99 MB
       Class:  15.11 MB
        Both:  22.10 MB

MaxMetaspaceSize: unlimited
CompressedClassSpaceSize: 1.00 GB
Initial GC threshold: 21.00 MB
Current GC threshold: 21.00 MB
CDS: on
 - commit_granule_bytes: 65536.
 - commit_granule_words: 8192.
 - virtual_space_node_default_size: 8388608.
 - enlarge_chunks_in_place: 1.
UseCompressedClassPointers 1, UseCompactObjectHeaders 0
Narrow klass pointer bits 32, Max shift 3
Narrow klass base: 0x0000000005000000, Narrow klass shift: 0
Encoding Range: [0x0000000005000000 - 0x0000000105000000), (4294967296 bytes)
Klass Range:    [0x0000000005010000 - 0x0000000046000000), (1090453504 bytes)
Klass ID Range:  [65536 - 1090519033) (1090453497)
Protection zone: [0x0000000005000000 - 0x0000000005010000), (65536 bytes)


Internal statistics:

num_allocs_failed_limit: 0.
num_arena_births: 114.
num_arena_deaths: 0.
num_vsnodes_births: 2.
num_vsnodes_deaths: 0.
num_space_committed: 155.
num_space_uncommitted: 0.
num_chunks_returned_to_freelist: 0.
num_chunks_taken_from_freelist: 162.
num_chunk_merges: 0.
num_chunk_splits: 93.
num_chunks_enlarged: 39.
num_inconsistent_stats: 0.

CodeHeap 'non-profiled nmethods': size=120064Kb used=559Kb max_used=559Kb free=119504Kb
 bounds [0x0000015f668f0000, 0x0000015f66b60000, 0x0000015f6de30000]
CodeHeap 'profiled nmethods': size=120000Kb used=3164Kb max_used=3164Kb free=116836Kb
 bounds [0x0000015f5ee30000, 0x0000015f5f150000, 0x0000015f66360000]
CodeHeap 'non-nmethods': size=5696Kb used=1522Kb max_used=1570Kb free=4173Kb
 bounds [0x0000015f66360000, 0x0000015f665d0000, 0x0000015f668f0000]
CodeCache: size=245760Kb, used=5245Kb, max_used=5293Kb, free=240513Kb
 total_blobs=2737, nmethods=2086, adapters=553, full_count=0
Compilation: enabled, stopped_count=0, restarted_count=0

Compilation events (20 events):
Event: 2812.593 Thread 0x0000015f732d1af0 2076       3       java.awt.GradientPaint::createContext (31 bytes)
Event: 2812.593 Thread 0x0000015f732d1af0 nmethod 2076 0x0000015f5f142c88 code [0x0000015f5f142d80, 0x0000015f5f142f50]
Event: 2812.593 Thread 0x0000015f732d1af0 2077       3       java.awt.geom.Point2D$Float::setLocation (13 bytes)
Event: 2812.593 Thread 0x0000015f732d1af0 nmethod 2077 0x0000015f5f142f88 code [0x0000015f5f143080, 0x0000015f5f143198]
Event: 2812.593 Thread 0x0000015f732d1af0 2078   !   3       sun.java2d.pipe.AlphaPaintPipe$TileContext::<init> (83 bytes)
Event: 2812.594 Thread 0x0000015f732d1af0 nmethod 2078 0x0000015f5f143288 code [0x0000015f5f143380, 0x0000015f5f143ae8]
Event: 2812.594 Thread 0x0000015f732d1af0 2079       3       sun.java2d.pipe.SpanShapeRenderer$Composite::renderBox (21 bytes)
Event: 2812.594 Thread 0x0000015f732d1af0 nmethod 2079 0x0000015f5f143b08 code [0x0000015f5f143c00, 0x0000015f5f143e00]
Event: 2812.594 Thread 0x0000015f732d1af0 2081       3       sun.java2d.pipe.SpanShapeRenderer$Composite::endSequence (11 bytes)
Event: 2812.594 Thread 0x0000015f732d1af0 nmethod 2081 0x0000015f5f143e08 code [0x0000015f5f143f00, 0x0000015f5f1440d0]
Event: 2812.594 Thread 0x0000015f732d1af0 2082   !   3       sun.java2d.pipe.AlphaPaintPipe::endSequence (93 bytes)
Event: 2812.595 Thread 0x0000015f732d1af0 nmethod 2082 0x0000015f5f144108 code [0x0000015f5f144200, 0x0000015f5f144c70]
Event: 2812.595 Thread 0x0000015f732d1af0 2083       3       java.awt.GradientPaintContext::dispose (24 bytes)
Event: 2812.595 Thread 0x0000015f732d1af0 nmethod 2083 0x0000015f5f144c88 code [0x0000015f5f144d80, 0x0000015f5f144f20]
Event: 2812.595 Thread 0x0000015f732d1af0 2084  s    3       java.awt.GradientPaintContext::putCachedRaster (86 bytes)
Event: 2812.595 Thread 0x0000015f732d1af0 nmethod 2084 0x0000015f5f144f88 code [0x0000015f5f145080, 0x0000015f5f145c58]
Event: 2812.595 Thread 0x0000015f732d1af0 2086  s    3       java.awt.GradientPaintContext::getCachedRaster (56 bytes)
Event: 2812.596 Thread 0x0000015f732d1af0 nmethod 2086 0x0000015f5f145c88 code [0x0000015f5f145d80, 0x0000015f5f146508]
Event: 2813.071 Thread 0x0000015f732d1af0 2087  s    3       sun.awt.windows.WDesktopProperties::setIntegerProperty (57 bytes)
Event: 2813.072 Thread 0x0000015f732d1af0 nmethod 2087 0x0000015f5f146588 code [0x0000015f5f146680, 0x0000015f5f146f88]

GC Heap Usage History (4 events):
Event: 2573.218 {heap Before GC invocations=0 (full 0):
 garbage-first heap   total reserved 2064384K, committed 131072K, used 69781K [0x0000000082000000, 0x0000000100000000)
  region size 1024K, 16 young (16384K), 0 survivors (0K)
}
Event: 2573.223 {heap After GC invocations=1 (full 0):
 garbage-first heap   total reserved 2064384K, committed 131072K, used 56469K [0x0000000082000000, 0x0000000100000000)
  region size 1024K, 2 young (2048K), 2 survivors (2048K)
}
Event: 2632.504 {heap Before GC invocations=1 (full 0):
 garbage-first heap   total reserved 2064384K, committed 131072K, used 61589K [0x0000000082000000, 0x0000000100000000)
  region size 1024K, 4 young (4096K), 2 survivors (2048K)
}
Event: 2632.508 {heap After GC invocations=2 (full 0):
 garbage-first heap   total reserved 2064384K, committed 131072K, used 7056K [0x0000000082000000, 0x0000000100000000)
  region size 1024K, 2 young (2048K), 2 survivors (2048K)
}

Metaspace Usage History (4 events):
Event: 2573.218 {metaspace Before GC invocations=0 (full 0):
 Metaspace       used 9682K, committed 9920K, reserved 1114112K
  class space    used 810K, committed 896K, reserved 1048576K
}
Event: 2573.223 {metaspace After GC invocations=1 (full 0):
 Metaspace       used 9682K, committed 9920K, reserved 1114112K
  class space    used 810K, committed 896K, reserved 1048576K
}
Event: 2632.504 {metaspace Before GC invocations=1 (full 0):
 Metaspace       used 9685K, committed 9920K, reserved 1114112K
  class space    used 810K, committed 896K, reserved 1048576K
}
Event: 2632.508 {metaspace After GC invocations=2 (full 0):
 Metaspace       used 9685K, committed 9920K, reserved 1114112K
  class space    used 810K, committed 896K, reserved 1048576K
}

Dll operation events (7 events):
Event: 0.008 Loaded shared library C:\Program Files\Java\jdk-25\bin\java.dll
Event: 0.054 Loaded shared library C:\Program Files\Java\jdk-25\bin\jimage.dll
Event: 0.063 Loaded shared library C:\Program Files\Java\jdk-25\bin\awt.dll
Event: 0.222 Loaded shared library C:\Program Files\Java\jdk-25\bin\freetype.dll
Event: 0.222 Loaded shared library C:\Program Files\Java\jdk-25\bin\fontmanager.dll
Event: 0.256 Loaded shared library C:\Program Files\Java\jdk-25\bin\net.dll
Event: 0.258 Loaded shared library C:\Program Files\Java\jdk-25\bin\nio.dll

Deoptimization events (20 events):
Event: 630.945 Thread 0x0000015f7826a060 Uncommon trap: trap_request=0xffffffde fr.pc=0x0000015f6690e2e0 relative=0x00000000000001e0
Event: 630.945 Thread 0x0000015f7826a060 Uncommon trap: reason=class_check action=maybe_recompile pc=0x0000015f6690e2e0 method=java.lang.String.equals(Ljava/lang/Object;)Z @ 8 c2
Event: 630.945 Thread 0x0000015f7826a060 DEOPT PACKING pc=0x0000015f6690e2e0 sp=0x0000004f69efda00
Event: 630.945 Thread 0x0000015f7826a060 DEOPT UNPACKING pc=0x0000015f6647f902 sp=0x0000004f69efd988 mode 2
Event: 630.945 Thread 0x0000015f7826a060 Uncommon trap: trap_request=0xffffffde fr.pc=0x0000015f6690e2e0 relative=0x00000000000001e0
Event: 630.945 Thread 0x0000015f7826a060 Uncommon trap: reason=class_check action=maybe_recompile pc=0x0000015f6690e2e0 method=java.lang.String.equals(Ljava/lang/Object;)Z @ 8 c2
Event: 630.945 Thread 0x0000015f7826a060 DEOPT PACKING pc=0x0000015f6690e2e0 sp=0x0000004f69efd930
Event: 630.945 Thread 0x0000015f7826a060 DEOPT UNPACKING pc=0x0000015f6647f902 sp=0x0000004f69efd8b8 mode 2
Event: 2390.925 Thread 0x0000015f7826a060 DEOPT PACKING pc=0x0000015f5f09aa1f sp=0x0000004f69eff280
Event: 2390.925 Thread 0x0000015f7826a060 DEOPT UNPACKING pc=0x0000015f663b1702 sp=0x0000004f69efe718 mode 0
Event: 2541.221 Thread 0x0000015f7826a060 DEOPT PACKING pc=0x0000015f5f112270 sp=0x0000004f69efcbf0
Event: 2541.221 Thread 0x0000015f7826a060 DEOPT UNPACKING pc=0x0000015f663b1702 sp=0x0000004f69efc0c0 mode 0
Event: 2573.228 Thread 0x0000015f7826a060 Uncommon trap: trap_request=0xffffff45 fr.pc=0x0000015f669583b0 relative=0x00000000000000b0
Event: 2573.228 Thread 0x0000015f7826a060 Uncommon trap: reason=unstable_if action=reinterpret pc=0x0000015f669583b0 method=java.lang.ref.SoftReference.get()Ljava/lang/Object; @ 17 c2
Event: 2573.229 Thread 0x0000015f7826a060 DEOPT PACKING pc=0x0000015f669583b0 sp=0x0000004f69efde50
Event: 2573.229 Thread 0x0000015f7826a060 DEOPT UNPACKING pc=0x0000015f6647f902 sp=0x0000004f69efdde0 mode 2
Event: 2573.231 Thread 0x0000015f7826a060 Uncommon trap: trap_request=0xffffff45 fr.pc=0x0000015f66955158 relative=0x0000000000000058
Event: 2573.231 Thread 0x0000015f7826a060 Uncommon trap: reason=unstable_if action=reinterpret pc=0x0000015f66955158 method=java.lang.ref.ReferenceQueue.poll()Ljava/lang/ref/Reference; @ 4 c2
Event: 2573.231 Thread 0x0000015f7826a060 DEOPT PACKING pc=0x0000015f66955158 sp=0x0000004f69efd030
Event: 2573.231 Thread 0x0000015f7826a060 DEOPT UNPACKING pc=0x0000015f6647f902 sp=0x0000004f69efcfa8 mode 2

Classes loaded (20 events):
Event: 630.955 Loading class java/awt/Window$1DisposeAction
Event: 630.955 Loading class java/awt/Window$1DisposeAction done
Event: 630.958 Loading class javax/swing/Autoscroller
Event: 630.959 Loading class javax/swing/Autoscroller done
Event: 643.419 Loading class java/awt/Canvas
Event: 643.419 Loading class java/awt/Canvas done
Event: 643.419 Loading class java/awt/Scrollbar
Event: 643.420 Loading class java/awt/Adjustable
Event: 643.420 Loading class java/awt/Adjustable done
Event: 643.420 Loading class java/awt/Scrollbar done
Event: 2358.582 Loading class java/util/WeakHashMap$KeyIterator
Event: 2358.582 Loading class java/util/WeakHashMap$HashIterator
Event: 2358.582 Loading class java/util/WeakHashMap$HashIterator done
Event: 2358.582 Loading class java/util/WeakHashMap$KeyIterator done
Event: 2358.583 Loading class javax/swing/RepaintManager$DisplayChangedRunnable
Event: 2358.583 Loading class javax/swing/RepaintManager$DisplayChangedRunnable done
Event: 2813.136 Loading class java/awt/desktop/SystemSleepListener
Event: 2813.136 Loading class java/awt/desktop/SystemEventListener
Event: 2813.136 Loading class java/awt/desktop/SystemEventListener done
Event: 2813.136 Loading class java/awt/desktop/SystemSleepListener done

Classes unloaded (0 events):
No events

Classes redefined (0 events):
No events

Internal exceptions (20 events):
Event: 0.126 Thread 0x0000015f7826a060 Exception <a 'java/lang/NoSuchMethodError'{0x000000008995d710}: 'java.lang.Object java.lang.invoke.DirectMethodHandle$Holder.invokeStaticInit(java.lang.Object, long)'> (0x000000008995d710) 
thrown [s\open\src\hotspot\share\interpreter\linkResolver.cpp, line 804]
Event: 0.140 Thread 0x0000015f7826a060 Exception <a 'java/lang/NoSuchMethodError'{0x0000000089988920}: 'void java.lang.invoke.DirectMethodHandle$Holder.invokeSpecial(java.lang.Object, java.lang.Object, java.lang.Object)'> (0x0000000089988920) 
thrown [s\open\src\hotspot\share\interpreter\linkResolver.cpp, line 804]
Event: 0.147 Thread 0x0000015f7826a060 Exception <a 'java/lang/NoSuchMethodError'{0x00000000899f7ad8}: 'java.lang.Object java.lang.invoke.DirectMethodHandle$Holder.newInvokeSpecial(java.lang.Object, java.lang.Object, java.lang.Object, java.lang.Object, java.lang.Object)'> (0x00000000899f7ad8) 
thrown [s\open\src\hotspot\share\interpreter\linkResolver.cpp, line 804]
Event: 0.151 Thread 0x0000015f7826a060 Exception <a 'java/lang/NoSuchMethodError'{0x000000008985f838}: 'java.lang.Object java.lang.invoke.DirectMethodHandle$Holder.invokeStatic(java.lang.Object, int, java.lang.Object)'> (0x000000008985f838) 
thrown [s\open\src\hotspot\share\interpreter\linkResolver.cpp, line 804]
Event: 0.174 Thread 0x0000015f7826a060 Exception <a 'java/lang/ClassNotFoundException'{0x000000008968c060}: com/sun/swing/internal/plaf/metal/resources/spi/metalProvider> (0x000000008968c060) 
thrown [s\open\src\hotspot\share\classfile\systemDictionary.cpp, line 327]
Event: 0.175 Thread 0x0000015f7826a060 Exception <a 'java/lang/ClassNotFoundException'{0x000000008968fd80}: com/sun/swing/internal/plaf/basic/resources/spi/basicProvider> (0x000000008968fd80) 
thrown [s\open\src\hotspot\share\classfile\systemDictionary.cpp, line 327]
Event: 0.183 Thread 0x0000015f7826a060 Exception <a 'java/lang/NoSuchMethodError'{0x00000000896c1d48}: 'int java.lang.invoke.Invokers$Holder.invokeExact_MT(java.lang.Object, java.lang.Object)'> (0x00000000896c1d48) 
thrown [s\open\src\hotspot\share\interpreter\linkResolver.cpp, line 804]
Event: 0.207 Thread 0x0000015f7825d6e0 Exception <a 'java/lang/NoSuchMethodError'{0x0000000089a0fc70}: 'void java.lang.invoke.DirectMethodHandle$Holder.invokeVirtual(java.lang.Object, java.lang.Object)'> (0x0000000089a0fc70) 
thrown [s\open\src\hotspot\share\interpreter\linkResolver.cpp, line 804]
Event: 0.218 Thread 0x0000015f7826a060 Exception <a 'java/lang/NoSuchMethodError'{0x00000000895394a0}: 'void java.lang.invoke.DirectMethodHandle$Holder.invokeStaticInit(java.lang.Object)'> (0x00000000895394a0) 
thrown [s\open\src\hotspot\share\interpreter\linkResolver.cpp, line 804]
Event: 0.229 Thread 0x0000015f7826a060 Exception <a 'java/lang/NoSuchMethodError'{0x000000008956dff8}: 'long java.lang.invoke.DirectMethodHandle$Holder.invokeStaticInit(java.lang.Object, long, long, long, long)'> (0x000000008956dff8) 
thrown [s\open\src\hotspot\share\interpreter\linkResolver.cpp, line 804]
Event: 0.229 Thread 0x0000015f7826a060 Exception <a 'java/lang/NoSuchMethodError'{0x0000000089576bc8}: 'java.lang.Object java.lang.invoke.DirectMethodHandle$Holder.invokeInterface(java.lang.Object, java.lang.Object, long, long)'> (0x0000000089576bc8) 
thrown [s\open\src\hotspot\share\interpreter\linkResolver.cpp, line 804]
Event: 0.230 Thread 0x0000015f7826a060 Exception <a 'java/lang/NoSuchMethodError'{0x000000008958ff80}: 'void java.lang.invoke.DirectMethodHandle$Holder.invokeStaticInit(java.lang.Object, java.lang.Object, long, java.lang.Object)'> (0x000000008958ff80) 
thrown [s\open\src\hotspot\share\interpreter\linkResolver.cpp, line 804]
Event: 0.230 Thread 0x0000015f7826a060 Exception <a 'java/lang/NoSuchMethodError'{0x0000000089598bb8}: 'long java.lang.invoke.DirectMethodHandle$Holder.invokeStatic(java.lang.Object, long, long)'> (0x0000000089598bb8) 
thrown [s\open\src\hotspot\share\interpreter\linkResolver.cpp, line 804]
Event: 0.232 Thread 0x0000015f7826a060 Exception <a 'java/lang/NoSuchMethodError'{0x00000000895baf38}: 'java.lang.Object java.lang.invoke.DirectMethodHandle$Holder.newInvokeSpecial(java.lang.Object, int, java.lang.Object)'> (0x00000000895baf38) 
thrown [s\open\src\hotspot\share\interpreter\linkResolver.cpp, line 804]
Event: 0.267 Thread 0x0000015f7826a060 Exception <a 'java/lang/NoSuchMethodError'{0x0000000089472588}: 'void java.lang.invoke.DelegatingMethodHandle$Holder.reinvoke_L(java.lang.Object, java.lang.Object, java.lang.Object, long, float)'> (0x0000000089472588) 
thrown [s\open\src\hotspot\share\interpreter\linkResolver.cpp, line 804]
Event: 0.269 Thread 0x0000015f7826a060 Exception <a 'java/lang/NoSuchMethodError'{0x000000008948ad00}: 'java.lang.Object java.lang.invoke.DirectMethodHandle$Holder.invokeStatic(java.lang.Object, java.lang.Object, java.lang.Object, java.lang.Object, long)'> (0x000000008948ad00) 
thrown [s\open\src\hotspot\share\interpreter\linkResolver.cpp, line 804]
Event: 0.270 Thread 0x0000015f7826a060 Exception <a 'java/lang/NoSuchMethodError'{0x00000000894ad2f8}: 'float java.lang.invoke.DelegatingMethodHandle$Holder.reinvoke_L(java.lang.Object, java.lang.Object, java.lang.Object, long)'> (0x00000000894ad2f8) 
thrown [s\open\src\hotspot\share\interpreter\linkResolver.cpp, line 804]
Event: 0.316 Thread 0x0000015f7826a060 Exception <a 'java/lang/NoSuchMethodError'{0x0000000089341780}: 'java.lang.Object java.lang.invoke.DirectMethodHandle$Holder.newInvokeSpecial(java.lang.Object, java.lang.Object, int, int)'> (0x0000000089341780) 
thrown [s\open\src\hotspot\share\interpreter\linkResolver.cpp, line 804]
Event: 627.032 Thread 0x0000015f7826a060 Implicit null exception at 0x0000015f66937c2e to 0x0000015f66937cc5
Event: 627.068 Thread 0x0000015f7826a060 Exception <a 'java/lang/NoSuchMethodError'{0x000000008927d328}: 'int java.lang.invoke.DirectMethodHandle$Holder.invokeStatic(java.lang.Object)'> (0x000000008927d328) 
thrown [s\open\src\hotspot\share\interpreter\linkResolver.cpp, line 804]

VM Operations (20 events):
Event: 2585.021 Executing non-safepoint VM operation: RendezvousGCThreads
Event: 2585.021 Executing non-safepoint VM operation: RendezvousGCThreads done
Event: 2632.504 Executing safepoint VM operation: G1TryInitiateConcMark (G1 Humongous Allocation)
Event: 2632.508 Executing safepoint VM operation: G1TryInitiateConcMark (G1 Humongous Allocation) done
Event: 2645.133 Executing non-safepoint VM operation: HandshakeAllThreads (HandshakeForDeflation)
Event: 2645.133 Executing non-safepoint VM operation: HandshakeAllThreads (HandshakeForDeflation) done
Event: 2645.133 Executing non-safepoint VM operation: RendezvousGCThreads
Event: 2645.133 Executing non-safepoint VM operation: RendezvousGCThreads done
Event: 2705.224 Executing non-safepoint VM operation: HandshakeAllThreads (HandshakeForDeflation)
Event: 2705.224 Executing non-safepoint VM operation: HandshakeAllThreads (HandshakeForDeflation) done
Event: 2705.224 Executing non-safepoint VM operation: RendezvousGCThreads
Event: 2705.224 Executing non-safepoint VM operation: RendezvousGCThreads done
Event: 2765.333 Executing non-safepoint VM operation: HandshakeAllThreads (HandshakeForDeflation)
Event: 2765.333 Executing non-safepoint VM operation: HandshakeAllThreads (HandshakeForDeflation) done
Event: 2765.333 Executing non-safepoint VM operation: RendezvousGCThreads
Event: 2765.333 Executing non-safepoint VM operation: RendezvousGCThreads done
Event: 3593.288 Executing non-safepoint VM operation: HandshakeAllThreads (HandshakeForDeflation)
Event: 3593.288 Executing non-safepoint VM operation: HandshakeAllThreads (HandshakeForDeflation) done
Event: 3593.288 Executing non-safepoint VM operation: RendezvousGCThreads
Event: 3593.288 Executing non-safepoint VM operation: RendezvousGCThreads done

Memory protections (0 events):
No events

Nmethod flushes (0 events):
No events

Events (20 events):
Event: 0.032 Thread 0x0000015f541f7cc0 Thread added: 0x0000015f732a7210
Event: 0.032 Thread 0x0000015f541f7cc0 Thread added: 0x0000015f732a9dc0
Event: 0.033 Thread 0x0000015f541f7cc0 Thread added: 0x0000015f732aa580
Event: 0.033 Thread 0x0000015f541f7cc0 Thread added: 0x0000015f732b4da0
Event: 0.033 Thread 0x0000015f541f7cc0 Thread added: 0x0000015f732b5690
Event: 0.033 Thread 0x0000015f541f7cc0 Thread added: 0x0000015f732bd2c0
Event: 0.033 Thread 0x0000015f541f7cc0 Thread added: 0x0000015f732d1af0
Event: 0.036 Thread 0x0000015f541f7cc0 Thread added: 0x0000015f7333e0b0
Event: 0.039 Thread 0x0000015f541f7cc0 Thread added: 0x0000015f7339f910
Event: 0.105 Thread 0x0000015f541f7cc0 Thread added: 0x0000015f73720e50
Event: 0.105 Thread 0x0000015f541f7cc0 Thread added: 0x0000015f7825bf10
Event: 0.105 Thread 0x0000015f541f7cc0 Thread added: 0x0000015f7825d6e0
Event: 0.113 Thread 0x0000015f541f7cc0 Thread added: 0x0000015f7826a060
Event: 0.113 Thread 0x0000015f541f7cc0 Thread exited: 0x0000015f541f7cc0
Event: 0.113 Thread 0x0000015f541f7cc0 Thread added: 0x0000015f541f7cc0
Event: 0.298 Thread 0x0000015f732d1af0 Thread added: 0x0000015f784c5ff0
Event: 5.435 Thread 0x0000015f784c5ff0 Thread exited: 0x0000015f784c5ff0
Event: 627.075 Thread 0x0000015f7826a060 Thread added: 0x0000015f780c7750
Event: 2541.986 Thread 0x0000015f732d1af0 Thread added: 0x0000015f565b7a30
Event: 2546.987 Thread 0x0000015f565b7a30 Thread exited: 0x0000015f565b7a30


Dynamic libraries:
0x00007ff6930e0000 - 0x00007ff6930f0000 	C:\Program Files\Java\jdk-25\bin\java.exe
0x00007ffacf3c0000 - 0x00007ffacf627000 	C:\WINDOWS\SYSTEM32\ntdll.dll
0x00007ffacdbc0000 - 0x00007ffacdc89000 	C:\WINDOWS\System32\KERNEL32.DLL
0x00007ffacc680000 - 0x00007ffacca6f000 	C:\WINDOWS\System32\KERNELBASE.dll
0x00007ffaccf60000 - 0x00007ffacd0ab000 	C:\WINDOWS\System32\ucrtbase.dll
0x00007ffac5ec0000 - 0x00007ffac5ed7000 	C:\Program Files\Java\jdk-25\bin\jli.dll
0x00007ffac74a0000 - 0x00007ffac74be000 	C:\Program Files\Java\jdk-25\bin\VCRUNTIME140.dll
0x00007ffacd6d0000 - 0x00007ffacd895000 	C:\WINDOWS\System32\USER32.dll
0x00007ffab8570000 - 0x00007ffab8803000 	C:\WINDOWS\WinSxS\amd64_microsoft.windows.common-controls_6595b64144ccf1df_6.0.26100.7309_none_3e05feeae336a044\COMCTL32.dll
0x00007ffaccc80000 - 0x00007ffaccca7000 	C:\WINDOWS\System32\win32u.dll
0x00007ffacdc90000 - 0x00007ffacdd39000 	C:\WINDOWS\System32\msvcrt.dll
0x00007fface580000 - 0x00007fface5ab000 	C:\WINDOWS\System32\GDI32.dll
0x00007ffacce30000 - 0x00007ffaccf5c000 	C:\WINDOWS\System32\gdi32full.dll
0x00007ffacd0b0000 - 0x00007ffacd153000 	C:\WINDOWS\System32\msvcp_win.dll
0x00007ffacd5b0000 - 0x00007ffacd5e1000 	C:\WINDOWS\System32\IMM32.DLL
0x00007ffac7490000 - 0x00007ffac749c000 	C:\Program Files\Java\jdk-25\bin\vcruntime140_1.dll
0x00007ffaa7970000 - 0x00007ffaa79fd000 	C:\Program Files\Java\jdk-25\bin\msvcp140.dll
0x00007ffa3db40000 - 0x00007ffa3e99f000 	C:\Program Files\Java\jdk-25\bin\server\jvm.dll
0x00007ffacdda0000 - 0x00007ffacde54000 	C:\WINDOWS\System32\ADVAPI32.dll
0x00007ffacd500000 - 0x00007ffacd5a6000 	C:\WINDOWS\System32\sechost.dll
0x00007fface200000 - 0x00007fface318000 	C:\WINDOWS\System32\RPCRT4.dll
0x00007ffacd8b0000 - 0x00007ffacd924000 	C:\WINDOWS\System32\WS2_32.dll
0x00007ffacc370000 - 0x00007ffacc3ce000 	C:\WINDOWS\SYSTEM32\POWRPROF.dll
0x00007ffabfe80000 - 0x00007ffabfeb5000 	C:\WINDOWS\SYSTEM32\WINMM.dll
0x00007ffac6d10000 - 0x00007ffac6d1b000 	C:\WINDOWS\SYSTEM32\VERSION.dll
0x00007ffacc350000 - 0x00007ffacc364000 	C:\WINDOWS\SYSTEM32\UMPDC.dll
0x00007ffacb190000 - 0x00007ffacb1ab000 	C:\WINDOWS\SYSTEM32\kernel.appcore.dll
0x00007ffac7480000 - 0x00007ffac748a000 	C:\Program Files\Java\jdk-25\bin\jimage.dll
0x00007ffac9830000 - 0x00007ffac9a72000 	C:\WINDOWS\SYSTEM32\DBGHELP.DLL
0x00007ffacde60000 - 0x00007fface1e5000 	C:\WINDOWS\System32\combase.dll
0x00007ffacd5f0000 - 0x00007ffacd6c6000 	C:\WINDOWS\System32\OLEAUT32.dll
0x00007ffabdec0000 - 0x00007ffabdefc000 	C:\WINDOWS\SYSTEM32\dbgcore.DLL
0x00007ffaccbd0000 - 0x00007ffaccc75000 	C:\WINDOWS\System32\bcryptPrimitives.dll
0x00007ffac5650000 - 0x00007ffac566f000 	C:\Program Files\Java\jdk-25\bin\java.dll
0x00007ffacd2f0000 - 0x00007ffacd487000 	C:\WINDOWS\System32\ole32.dll
0x00007fface630000 - 0x00007ffaced83000 	C:\WINDOWS\System32\SHELL32.dll
0x00007ffacc510000 - 0x00007ffacc67a000 	C:\WINDOWS\System32\wintypes.dll
0x00007ffac9e20000 - 0x00007ffaca67e000 	C:\WINDOWS\SYSTEM32\windows.storage.dll
0x00007ffacd1f0000 - 0x00007ffacd2e5000 	C:\WINDOWS\System32\SHCORE.dll
0x00007ffacd490000 - 0x00007ffacd4f6000 	C:\WINDOWS\System32\shlwapi.dll
0x00007ffacc430000 - 0x00007ffacc459000 	C:\WINDOWS\SYSTEM32\profapi.dll
0x00007ffa9f3e0000 - 0x00007ffa9f564000 	C:\Program Files\Java\jdk-25\bin\awt.dll
0x00007ffac6590000 - 0x00007ffac662f000 	C:\WINDOWS\SYSTEM32\apphelp.dll
0x00007ffac9040000 - 0x00007ffac90eb000 	C:\WINDOWS\system32\uxtheme.dll
0x00007ffacda50000 - 0x00007ffacdbae000 	C:\WINDOWS\System32\MSCTF.dll
0x00007ffac92c0000 - 0x00007ffac92f0000 	C:\WINDOWS\system32\DWMAPI.DLL
0x00007ffaa95c0000 - 0x00007ffaa96d0000 	C:\WINDOWS\system32\opengl32.dll
0x00007ffaaa220000 - 0x00007ffaaa24d000 	C:\WINDOWS\SYSTEM32\GLU32.dll
0x00007ffac9110000 - 0x00007ffac9154000 	C:\WINDOWS\SYSTEM32\dxcore.dll
0x00007ffaa0ba0000 - 0x00007ffaa0c27000 	C:\Program Files\Java\jdk-25\bin\freetype.dll
0x00007ffa9f8b0000 - 0x00007ffa9f99e000 	C:\Program Files\Java\jdk-25\bin\fontmanager.dll
0x00007ffac5600000 - 0x00007ffac5612000 	C:\Program Files\Java\jdk-25\bin\net.dll
0x00007ffacb830000 - 0x00007ffacb89b000 	C:\WINDOWS\system32\mswsock.dll
0x00007ffac21d0000 - 0x00007ffac21e6000 	C:\Program Files\Java\jdk-25\bin\nio.dll
0x00007ffab6e90000 - 0x00007ffab6fd8000 	C:\WINDOWS\SYSTEM32\textinputframework.dll
0x00007ffac5fe0000 - 0x00007ffac6107000 	C:\WINDOWS\SYSTEM32\CoreMessaging.dll
0x00007ffab5760000 - 0x00007ffab5a42000 	C:\WINDOWS\SYSTEM32\CoreUIComponents.dll
0x00007ffacbaf0000 - 0x00007ffacbafc000 	C:\WINDOWS\SYSTEM32\CRYPTBASE.DLL
0x00007ffacee30000 - 0x00007ffaceee0000 	C:\WINDOWS\System32\clbcatq.dll
0x00007ffac8cc0000 - 0x00007ffac8ef0000 	C:\WINDOWS\SYSTEM32\WindowsCodecs.dll
0x00007ffaa89f0000 - 0x00007ffaa8a4a000 	C:\WINDOWS\system32\dataexchange.dll
0x00007ffab6930000 - 0x00007ffab6b74000 	C:\WINDOWS\system32\twinapi.appcore.dll

JVMTI agents: none

dbghelp: loaded successfully - version: 4.0.5 - missing functions: none
symbol engine: initialized successfully - sym options: 0x614 - pdb path: .;C:\Program Files\Java\jdk-25\bin;C:\WINDOWS\SYSTEM32;C:\WINDOWS\WinSxS\amd64_microsoft.windows.common-controls_6595b64144ccf1df_6.0.26100.7309_none_3e05feeae336a044;C:\Program Files\Java\jdk-25\bin\server

VM Arguments:
java_command: org.matheus.view.tabuleiro
java_class_path (initial): C:\Users\mathe\Documents\Commits_Particular\Bootcamp-CIET\Projeto Sudoku\Sudoku\target\classes
Launcher Type: SUN_STANDARD

[Global flags]
     intx CICompilerCount                          = 4                                         {product} {ergonomic}
     uint ConcGCThreads                            = 2                                         {product} {ergonomic}
     uint G1ConcRefinementThreads                  = 8                                         {product} {ergonomic}
   size_t G1HeapRegionSize                         = 1048576                                   {product} {ergonomic}
   size_t InitialHeapSize                          = 132120576                                 {product} {ergonomic}
   size_t MarkStackSize                            = 4194304                                   {product} {ergonomic}
   size_t MarkStackSizeMax                         = 536870912                                 {product} {ergonomic}
   size_t MaxHeapSize                              = 2113929216                                {product} {ergonomic}
   size_t MaxNewSize                               = 1267728384                                {product} {ergonomic}
   size_t MinHeapDeltaBytes                        = 1048576                                   {product} {ergonomic}
   size_t MinHeapSize                              = 8388608                                   {product} {ergonomic}
    uintx NonNMethodCodeHeapSize                   = 5832704                                {pd product} {ergonomic}
    uintx NonProfiledCodeHeapSize                  = 122945536                              {pd product} {ergonomic}
    uintx ProfiledCodeHeapSize                     = 122880000                              {pd product} {ergonomic}
    uintx ReservedCodeCacheSize                    = 251658240                              {pd product} {ergonomic}
     bool SegmentedCodeCache                       = true                                      {product} {ergonomic}
   size_t SoftMaxHeapSize                          = 2113929216                             {manageable} {ergonomic}
     bool UseCompressedOops                        = true                           {product lp64_product} {ergonomic}
     bool UseG1GC                                  = true                                      {product} {ergonomic}
     bool UseLargePagesIndividualAllocation        = false                                  {pd product} {ergonomic}

Logging:
Log output configuration:
 #0: stdout all=warning uptime,level,tags foldmultilines=false
 #1: stderr all=off uptime,level,tags foldmultilines=false

Release file:
IMPLEMENTOR="Oracle Corporation" 
JAVA_RUNTIME_VERSION="25.0.1+8-LTS-27" 
JAVA_VERSION="25.0.1" 
JAVA_VERSION_DATE="2025-10-21" 
LIBC="default" 
MODULES="java.base java.compiler java.datatransfer java.xml java.prefs java.desktop java.instrument java.logging java.management java.security.sasl java.naming java.rmi java.management.rmi java.net.http java.scripting java.security.jgss java.transaction.xa java.sql java.sql.rowset java.xml.crypto java.se java.smartcardio jdk.accessibility jdk.internal.jvmstat jdk.attach jdk.charsets jdk.internal.opt jdk.zipfs jdk.compiler jdk.crypto.cryptoki jdk.crypto.ec jdk.crypto.mscapi jdk.dynalink jdk.internal.ed jdk.editpad jdk.internal.vm.ci jdk.graal.compiler jdk.graal.compiler.management jdk.hotspot.agent jdk.httpserver jdk.incubator.vector jdk.internal.le jdk.internal.md jdk.jartool jdk.javadoc jdk.jcmd jdk.management jdk.management.agent jdk.jconsole jdk.jdeps jdk.jdwp.agent jdk.jdi jdk.jfr jdk.jlink jdk.jpackage jdk.jshell jdk.jsobject jdk.jstatd jdk.localedata jdk.management.jfr jdk.naming.dns jdk.naming.rmi jdk.net jdk.nio.mapmode jdk.sctp jdk.security.auth jdk.security.jgss jdk.unsupported jdk.unsupported.desktop jdk.xml.dom" 
OS_ARCH="x86_64" 
OS_NAME="Windows" 
SOURCE=".:git:862c85bc42b7 open:git:78770bfaefd2" 

Environment Variables:
JAVA_HOME=C:\Program Files\Java\jdk-25
PATH=C:\Program Files\Common Files\Oracle\Java\javapath;C:\WINDOWS\system32;C:\WINDOWS;C:\WINDOWS\System32\Wbem;C:\WINDOWS\System32\WindowsPowerShell\v1.0\;C:\WINDOWS\System32\OpenSSH\;C:\Program Files\Git\cmd;C:\Users\mathe\AppData\Local\Microsoft\WindowsApps;C:\Program Files\JetBrains\IntelliJ IDEA 2025.2.4\bin;C:\Users\mathe\AppData\Local\Programs\Microsoft VS Code\bin
USERNAME=mathe
OS=Windows_NT
PROCESSOR_IDENTIFIER=Intel64 Family 6 Model 142 Stepping 12, GenuineIntel
TMP=C:\Users\mathe\AppData\Local\Temp
TEMP=C:\Users\mathe\AppData\Local\Temp




Compilation memory statistics disabled.

Periodic native trim disabled

---------------  S Y S T E M  ---------------

OS:
 Windows 11 , 64 bit Build 26100 (10.0.26100.7309)
OS uptime: 1 days 12:05 hours

CPU: total 8 (initial active 8) (4 cores per cpu, 2 threads per core) family 6 model 142 stepping 12 microcode 0xfe, cx8, cmov, fxsr, ht, mmx, 3dnowpref, sse, sse2, sse3, ssse3, sse4.1, sse4.2, popcnt, lzcnt, tsc, tscinvbit, avx, avx2, aes, erms, clmul, bmi1, bmi2, adx, fma, vzeroupper, clflush, clflushopt, rdtscp, f16c
Processor Information for the first 8 processors :
  Max Mhz: 1800, Current Mhz: 1600, Mhz Limit: 1584

Memory: 4k page, system-wide physical 8062M (1650M free)
TotalPageFile size 14974M (AvailPageFile size 3491M)
current process WorkingSet (physical memory assigned to process): 127M, peak: 127M
current process commit charge ("private bytes"): 228M, peak: 246M

vm_info: Java HotSpot(TM) 64-Bit Server VM (25.0.1+8-LTS-27) for windows-amd64 JRE (25.0.1+8-LTS-27), built on 2025-09-25T16:41:16Z with unknown MS VC++:1943

END.
